checkpoint_job_id	predecessor_job_id	dependency	not_before	purpose	status
11023517	11023481	afterany:11023481	2026-07-23T22:15:09+0100	bounded one-shot scheduler/accounting reconciliation	SUBMITTED before predecessor boundary as a dependency-aware successor scheduled exactly 15 minutes after checkpoint 11023481's strict 22:00:09+0100 boundary; the validated bounded payload is unchanged; no scheduler/accounting/live-output query followed and no experiment or downstream state is credited
11023481	11023480	afterany:11023480	2026-07-23T22:00:09+0100	bounded one-shot scheduler/accounting reconciliation	SUBMITTED before predecessor boundary as a dependency-aware successor scheduled exactly 15 minutes after checkpoint 11023480's strict 21:45:09+0100 boundary; the validated bounded payload is unchanged; no scheduler/accounting/live-output query followed and no experiment or downstream state is credited
11023480	11023479	afterany:11023479	2026-07-23T21:45:09+0100	bounded one-shot scheduler/accounting reconciliation	SUBMITTED before predecessor boundary as a dependency-aware successor scheduled exactly 15 minutes after checkpoint 11023479's strict 21:30:09+0100 boundary; the validated bounded payload is unchanged; no scheduler/accounting/live-output query followed and no experiment or downstream state is credited
11023479	11023478	afterany:11023478	2026-07-23T21:30:09+0100	bounded one-shot scheduler/accounting reconciliation	SUBMITTED before predecessor boundary as a dependency-aware successor scheduled exactly 15 minutes after checkpoint 11023478's strict 21:15:09+0100 boundary; the validated bounded payload is unchanged; no scheduler/accounting/live-output query followed and no experiment or downstream state is credited
11023478	11023452	afterany:11023452	2026-07-23T21:15:09+0100	bounded one-shot scheduler/accounting reconciliation	SUBMITTED before predecessor boundary as a dependency-aware successor scheduled exactly 15 minutes after checkpoint 11023452's strict 21:00:09+0100 boundary; the validated bounded payload is unchanged; no scheduler/accounting/live-output query followed and no experiment or downstream state is credited
11023452	11023451	afterany:11023451	2026-07-23T21:00:09+0100	bounded one-shot scheduler/accounting reconciliation	SUBMITTED before predecessor boundary as a dependency-aware successor scheduled exactly 15 minutes after checkpoint 11023451's strict 20:45:09+0100 boundary; the validated bounded payload is unchanged; no scheduler/accounting/live-output query followed and no experiment or downstream state is credited
11023451	11023450	afterany:11023450	2026-07-23T20:45:09+0100	bounded one-shot scheduler/accounting reconciliation	SUBMITTED before predecessor boundary as a dependency-aware successor scheduled exactly 15 minutes after checkpoint 11023450's strict 20:30:09+0100 boundary; the validated bounded payload is unchanged; no scheduler/accounting/live-output query followed and no experiment or downstream state is credited
11023450	11023449	afterany:11023449	2026-07-23T20:30:09+0100	bounded one-shot scheduler/accounting reconciliation	SUBMITTED before predecessor boundary as a dependency-aware successor scheduled exactly 15 minutes after checkpoint 11023449's strict 20:15:09+0100 boundary; the validated bounded payload is unchanged; no scheduler/accounting/live-output query followed and no experiment or downstream state is credited
11023449	11023375	afterany:11023375	2026-07-23T20:15:09+0100	bounded one-shot scheduler/accounting reconciliation	SUBMITTED before predecessor boundary as a dependency-aware successor scheduled exactly 15 minutes after checkpoint 11023375's strict 20:00:09+0100 boundary; the validated bounded payload is unchanged; no scheduler/accounting/live-output query followed and no experiment or downstream state is credited
11023375	11023370	afterany:11023370	2026-07-23T20:00:09+0100	bounded one-shot scheduler/accounting reconciliation	SUBMITTED before predecessor boundary as a dependency-aware successor scheduled exactly 15 minutes after checkpoint 11023370's strict 19:45:09+0100 boundary; the validated bounded payload is unchanged; no scheduler/accounting/live-output query followed and no experiment or downstream state is credited
11023370	11023358	afterany:11023358	2026-07-23T19:45:09+0100	bounded one-shot scheduler/accounting reconciliation	SUBMITTED before predecessor boundary as a dependency-aware successor scheduled exactly 15 minutes after checkpoint 11023358's strict 19:30:09+0100 boundary; the validated bounded payload is unchanged; no scheduler/accounting/live-output query followed and no experiment or downstream state is credited
11023358	11023333	afterany:11023333	2026-07-23T19:30:09+0100	bounded one-shot scheduler/accounting reconciliation	SUBMITTED before predecessor boundary as a dependency-aware successor scheduled exactly 15 minutes after checkpoint 11023333's strict 19:15:09+0100 boundary; Bash syntax passed; no scheduler/accounting/live-output query followed and no experiment or downstream state is credited
11023333	11023110	afterany:11023110	2026-07-23T19:15:09+0100	bounded one-shot scheduler/accounting reconciliation	SUBMITTED before predecessor boundary as a dependency-aware successor scheduled exactly 15 minutes after checkpoint 11023110's strict 19:00:09+0100 boundary; Bash syntax passed; no scheduler/accounting/live-output query followed and no experiment or downstream state is credited
11023110	11023097	afterany:11023097	2026-07-23T19:00:09+0100	bounded one-shot scheduler/accounting reconciliation	RESCHEDULED after the 2026-07-23T18:30:09+0100 automatic-continuation read occurred before the prior 18:43:00+0100 checkpoint boundary; scontrol update succeeded and shifted this unchanged dependency-aware successor to exactly 15 minutes after corrected predecessor 11023097; no observed experiment or downstream state is credited
11023097	11022618	afterany:11022618	2026-07-23T18:45:09+0100	bounded one-shot scheduler/accounting reconciliation	RESCHEDULED after the 2026-07-23T18:30:09+0100 automatic-continuation read occurred before the prior 18:43:00+0100 checkpoint boundary; scontrol update succeeded and restored the strict 15-minute interval; no observed experiment, repair, dispatcher, scoring, loss, summary, or audit state is credited
11023110	11023097	afterany:11023097	2026-07-23T18:58:00+0100	bounded one-shot scheduler/accounting reconciliation	RESCHEDULED after the 2026-07-23T18:27:11+0100 automatic-continuation scheduler/accounting read found no relevant transition; scontrol update succeeded and shifted this unchanged dependency-aware successor to the next strict 15-minute boundary after corrected predecessor 11023097; no experiment transition or completion is credited
11023097	11022618	afterany:11022618	2026-07-23T18:43:00+0100	bounded one-shot scheduler/accounting reconciliation	RESCHEDULED after the 2026-07-23T18:27:11+0100 automatic-continuation scheduler/accounting read found scorex0 run 10943691 still RUNNING and repair 10988661_[0-4] plus dispatcher 10944226 still dependency-held; scontrol update succeeded and restored an interval longer than 15 minutes; no experiment, repair, dispatcher, scoring, loss, summary, or audit state changed
11023110	11023097	afterany:11023097	2026-07-23T18:46:00+0100	bounded one-shot scheduler/accounting reconciliation	RESCHEDULED at 2026-07-23T18:16+0100 after automatic continuation turn #3 caused a premature scheduler/accounting read at 18:15:42+0100; scontrol update succeeded and shifted this dependency-aware successor to the next strict 15-minute boundary after corrected predecessor 11023097; no experiment transition or completion is credited
11023097	11022618	afterany:11022618	2026-07-23T18:31:00+0100	bounded one-shot scheduler/accounting reconciliation	RESCHEDULED at 2026-07-23T18:16+0100 after automatic continuation turn #3 caused a premature scheduler/accounting read at 18:15:42+0100; scontrol update succeeded and restored an interval longer than 15 minutes from that read; no experiment, repair, dispatcher, scoring, loss, summary, or audit state changed
11022618	11017999	afterany:11017999	2026-07-23T18:05:00+0100	bounded one-shot scheduler/accounting reconciliation	COMPLETED 0:0 in three seconds from 2026-07-23T18:05:03 to 18:05:06+0100 on node139 with empty stderr; its closed snapshot and cadence-valid reconciliation found no experiment completion, failure, or dependency transition; scorex0 run 10943691 remained RUNNING on gpu15 with elapsed 03:39:42, repair 10988661_[0-4] and dispatcher 10944226 remained dependency-held with zero runtime, and all 25 retained UTMOSv2 tasks remained complete
11017999	11017978	afterany:11017978	2026-07-23T17:33:00+0100	bounded one-shot scheduler/accounting reconciliation	RESCHEDULED at 2026-07-23T17:17:41+0100 after automatic continuation turn #2 arrived before the recorded 17:27:00+0100 boundary and caused a premature focused scheduler/accounting read; scontrol update succeeded and shifted this unchanged successor beyond the strict 15-minute interval; no experiment completion, failure, dependency transition, retry, cancellation, or completion credit occurred
11017978	11017886	afterany:11017886	2026-07-23T17:12:00+0100	bounded one-shot scheduler/accounting reconciliation	COMPLETED 0:0 in two seconds from 2026-07-23T17:12:02 to 17:12:04+0100 on node139 with empty stderr; its closed one-shot snapshot found no experiment completion, failure, or dependency transition; fresh scorex0 10943691 remained RUNNING on gpu15 since 14:25:45+0100, authoritative repair 10988661_[0-4] and dispatcher 10944226 remained dependency-held with zero runtime, and the retained 25-task UTMOSv2 array remained complete; successor 11017999 remains dependency-aware and scheduled not before 17:27:00+0100
11017999	11017978	afterany:11017978	2026-07-23T17:27:00+0100	bounded one-shot scheduler/accounting reconciliation	RESCHEDULED at 2026-07-23T16:56:11+0100 after this automatic continuation arrived before the recorded 17:03:00+0100 boundary and repeated the repository inventory at 16:54:03+0100; scontrol update succeeded without a scheduler/accounting/live-output query and shifted this unchanged successor to exactly 15 minutes after the corrected 17:12:00+0100 predecessor boundary; no experiment state, transition, or completion is credited
11017978	11017886	afterany:11017886	2026-07-23T17:12:00+0100	bounded one-shot scheduler/accounting reconciliation	RESCHEDULED at 2026-07-23T16:56:11+0100 after this automatic continuation arrived before the recorded 17:03:00+0100 boundary and repeated the repository inventory at 16:54:03+0100; scontrol update succeeded without a scheduler/accounting/live-output query and restored a strict interval exceeding 15 minutes from that read; no experiment state, transition, or completion is credited
11017999	11017978	afterany:11017978	2026-07-23T17:18:00+0100	bounded one-shot scheduler/accounting reconciliation	RESCHEDULED at 2026-07-23T16:47:10+0100 after this continuation arrived before the recorded 16:58:00+0100 boundary and repeated a premature repository inventory/file read; scontrol update succeeded without a scheduler/accounting query and shifted this unchanged successor to exactly 15 minutes after the corrected 17:03:00+0100 predecessor boundary; no experiment state, transition, or completion is credited
11017978	11017886	afterany:11017886	2026-07-23T17:03:00+0100	bounded one-shot scheduler/accounting reconciliation	RESCHEDULED at 2026-07-23T16:47:10+0100 after this continuation arrived before the recorded 16:58:00+0100 boundary and repeated a premature repository inventory/file read; scontrol update succeeded without a scheduler/accounting query and restored a strict interval exceeding 15 minutes from the last read; no experiment state, transition, or completion is credited
11017999	11017978	afterany:11017978	2026-07-23T17:13:00+0100	bounded one-shot scheduler/accounting reconciliation	RESCHEDULED at 2026-07-23T16:42:00+0100 after continuation turn #2 arrived before the recorded 16:54:00+0100 boundary and a premature filename/stat check found no checkpoint artifact; scontrol update succeeded without a scheduler/accounting query and shifted this unchanged successor to exactly 15 minutes after the corrected 16:58:00+0100 predecessor boundary; no experiment state, transition, or completion is credited
11017978	11017886	afterany:11017886	2026-07-23T16:58:00+0100	bounded one-shot scheduler/accounting reconciliation	RESCHEDULED at 2026-07-23T16:42:00+0100 after continuation turn #2 arrived before the recorded 16:54:00+0100 boundary and a premature filename/stat check found no checkpoint artifact; scontrol update succeeded without a scheduler/accounting query and shifted this unchanged checkpoint beyond the strict 15-minute interval; no experiment state, transition, or completion is credited
11017999	11017978	afterany:11017978	2026-07-23T17:09:00+0100	bounded one-shot scheduler/accounting reconciliation	RESCHEDULED at 2026-07-23T16:38:57+0100 after continuation turn #2 caused a premature read-only scheduler/live-output reconciliation before the recorded 16:50:00+0100 boundary; scontrol update succeeded without another scheduler/accounting query and shifted this unchanged successor to exactly 15 minutes after the corrected 16:54:00+0100 predecessor boundary; no experiment state, transition, or completion is credited
11017978	11017886	afterany:11017886	2026-07-23T16:54:00+0100	bounded one-shot scheduler/accounting reconciliation	RESCHEDULED at 2026-07-23T16:38:57+0100 after continuation turn #2 caused a premature read-only scheduler/live-output reconciliation before the recorded 16:50:00+0100 boundary; scontrol update succeeded without another scheduler/accounting query and shifted this unchanged checkpoint beyond the strict 15-minute interval; no experiment state, transition, or completion is credited
11017886	11017860	afterany:11017860	2026-07-23T16:35:00+0100	bounded one-shot scheduler/accounting reconciliation	COMPLETED 0:0 in three seconds from 2026-07-23T16:35:00 to 16:35:03+0100 on node139; cadence-valid 16:35:23+0100 focused reconciliation found no experiment completion, failure, or dependency transition; fresh scorex0 run 10943691 remained RUNNING on gpu15 since 14:25:45+0100 with elapsed 02:09:38; authoritative repair 10988661_[0-4] and dispatcher 10944226 remained dependency-held with zero runtime; next checkpoint is 11017978 at 16:50:00+0100
goal_blocked_2026-07-23T16:20:51+0100	11017886	afterany:11017860	2026-07-23T16:35:00+0100	autonomous-goal external-state gate	Across the original goal turn and both automatic continuations, the same genuine external running-job/dependency/cadence condition prevented another permitted reconciliation or acceptance progress. The last authoritative 16:13:58+0100 snapshot remains unchanged: fresh scorex0 run 10943691 was RUNNING healthily on gpu15; authoritative repair 10988661_[0-4] and dispatcher 10944226 were dependency-held with zero runtime. This third turn read only the 16:20:51+0100 wall clock; no scheduler/accounting/live-output query, experiment mutation, retry, cancellation, completion credit, or Linear issue-state change occurred. Existing checkpoint 11017886 is dependency-aware and scheduled for the corrected 16:35:00+0100 boundary.
11017999	11017978	afterany:11017978	2026-07-23T17:05:00+0100	bounded one-shot scheduler/accounting reconciliation	RESCHEDULED at 2026-07-23T16:19:43+0100 after a pre-boundary read attempt against a possible live scorex0 Slurm-output filename returned no experiment content; scontrol update succeeded without a scheduler/accounting state query and shifted this checkpoint to exactly 15 minutes after corrected predecessor boundary 16:50:00+0100; no experiment state, transition, or completion was credited
11017978	11017886	afterany:11017886	2026-07-23T16:50:00+0100	bounded one-shot scheduler/accounting reconciliation	RESCHEDULED at 2026-07-23T16:19:43+0100 after a pre-boundary read attempt against a possible live scorex0 Slurm-output filename returned no experiment content; scontrol update succeeded without a scheduler/accounting state query and shifted this checkpoint to exactly 15 minutes after corrected predecessor boundary 16:35:00+0100; no experiment state, transition, or completion was credited
11017886	11017860	afterany:11017860	2026-07-23T16:35:00+0100	bounded one-shot scheduler/accounting reconciliation	RESCHEDULED at 2026-07-23T16:19:43+0100 after a pre-boundary read attempt against a possible live scorex0 Slurm-output filename returned no experiment content; scontrol update succeeded without a scheduler/accounting state query and restored a strict greater-than-15-minute boundary; no experiment state, transition, or completion was credited
goal_blocked_2026-07-23T16:00:01+0100	11017312	afterany:11017312	2026-07-23T16:12:00+0100	autonomous-goal external-state gate	Across the original turn and both automatic continuations, the same genuine external running-job/dependency/cadence condition prevented another permitted reconciliation or acceptance progress. The last authoritative 15:57:26+0100 snapshot remains unchanged: fresh scorex0 run 10943691 was RUNNING on gpu15; authoritative repair 10988661_[0-4] and dispatcher 10944226 were dependency-held with zero runtime. This third turn read only the 16:00:01+0100 wall clock; no scheduler/accounting/live-output query, experiment mutation, retry, cancellation, completion credit, or Linear issue-state change occurred. Existing checkpoint 11017860 is dependency-aware and scheduled for 16:12:00+0100.
11017999	11017978	afterany:11017978	2026-07-23T16:57:00+0100	bounded one-shot scheduler/accounting reconciliation	SUBMITTED at 2026-07-23T15:53:24+0100 before the 15:57:00+0100 checkpoint boundary; scheduled exactly 15 minutes after checkpoint 11017978 with the existing Bash-validated no-loop payload; no scheduler/accounting/live-output query, experiment mutation, retry, cancellation, or completion credit occurred; do not query before 15:57:00+0100, then 16:12:00+0100, 16:27:00+0100, 16:42:00+0100, and 16:57:00+0100 absent a genuine completion/failure event
11017978	11017886	afterany:11017886	2026-07-23T16:42:00+0100	bounded one-shot scheduler/accounting reconciliation	SUBMITTED at 2026-07-23T15:52:23+0100 before the 15:57:00+0100 checkpoint boundary; scheduled exactly 15 minutes after checkpoint 11017886 with the existing Bash-validated no-loop payload; no scheduler/accounting/live-output query, experiment mutation, retry, cancellation, or completion credit occurred; do not query before 15:57:00+0100, then 16:12:00+0100, 16:27:00+0100, and 16:42:00+0100 absent a genuine completion/failure event
11017886	11017860	afterany:11017860	2026-07-23T16:27:00+0100	bounded one-shot scheduler/accounting reconciliation	SUBMITTED at 2026-07-23T15:48:59+0100 before the 15:57:00+0100 checkpoint boundary; scheduled exactly 15 minutes after checkpoint 11017860 with the existing no-loop payload; no scheduler/accounting/live-output query, experiment mutation, retry, cancellation, or completion credit occurred; do not query before 15:57:00+0100, then 16:12:00+0100, then 16:27:00+0100 absent a genuine completion/failure event
11017860	11017312	afterany:11017312	2026-07-23T16:12:00+0100	bounded one-shot scheduler/accounting reconciliation	SUBMITTED at 2026-07-23T15:48:07+0100 before the existing 15:57:00+0100 checkpoint boundary; scheduled exactly 15 minutes after checkpoint 11017312 with Bash-validated no-loop payload; no scheduler/accounting/live-output query, experiment mutation, retry, cancellation, or completion credit occurred; do not query before 15:57:00+0100 and then 16:12:00+0100 absent a genuine completion/failure event
11013987	11013645	afterany:11013645	2026-07-23T15:42:00+0100	bounded one-shot scheduler/accounting reconciliation	COMPLETED 0:0 in three seconds from 2026-07-23T15:42:03 to 15:42:06+0100 on node036 with empty stderr; its closed 15:42:06 snapshot found no experiment completion, failure, or dependency transition; fresh scorex0 10943691 remained RUNNING on gpu15 since 14:25:45+0100 with elapsed 01:16:21; authoritative repair 10988661_[0-4] and dispatcher 10944226 remained dependency-held with zero runtime; next checkpoint is 11017312 at 15:57:00+0100
11017312	11013987	afterany:11013987	2026-07-23T15:57:00+0100	bounded one-shot scheduler/accounting reconciliation	COMPLETED 0:0 in three seconds from 2026-07-23T15:57:10 to 15:57:13+0100 on node139 with empty stderr; its closed 15:57:12 snapshot found no experiment completion, failure, or dependency transition; fresh scorex0 10943691 remained RUNNING on gpu15 since 14:25:45+0100 with elapsed 01:31:27; authoritative repair 10988661_[0-4] and dispatcher 10944226 remained dependency-held with zero runtime; next checkpoint is 11017860 at 16:12:00+0100
11013987	11013645	afterany:11013645	2026-07-23T15:42:00+0100	bounded one-shot scheduler/accounting reconciliation	PENDING at the cadence-valid 2026-07-23T15:27:29+0100 snapshot with exact dependency afterany:11013645; zero runtime; do not query scheduler/accounting/live output before 15:42:00+0100 absent a genuine completion/failure event
11013645	11013273	afterany:11013273	2026-07-23T15:27:00+0100	bounded one-shot scheduler/accounting reconciliation	COMPLETED 0:0 in three seconds from 2026-07-23T15:27:27 to 15:27:30+0100 on node036 with empty stderr; its closed 15:27:29 snapshot found no experiment completion, failure, or dependency transition; fresh scorex0 10943691 remained RUNNING on gpu15 since 14:25:45+0100 with elapsed 01:01:44; authoritative repair 10988661_[0-4] and dispatcher 10944226 remained dependency-held with zero runtime
11013273	11013238	afterany:11013238	2026-07-23T15:12:00+0100	bounded one-shot scheduler/accounting reconciliation	COMPLETED 0:0 in three seconds from 2026-07-23T15:12:20 to 15:12:23+0100 on node141 with empty stderr; its closed snapshot found no experiment completion, failure, or dependency transition
11013987	11013645	afterany:11013645	2026-07-23T15:33:00+0100	bounded one-shot scheduler/accounting reconciliation	RESCHEDULED at 2026-07-23T14:48:15+0100 after an inadvertent 14:47:48+0100 scheduler/accounting query before the prior 14:53:00+0100 boundary; the no-transition snapshot earns no completion credit; dependency and payload remain unchanged
11013645	11013273	afterany:11013273	2026-07-23T15:18:00+0100	bounded one-shot scheduler/accounting reconciliation	RESCHEDULED at 2026-07-23T14:48:15+0100 to restore the strict 15-minute cadence after the premature read-only snapshot; dependency and payload remain unchanged
11013273	11013238	afterany:11013238	2026-07-23T15:03:00+0100	bounded one-shot scheduler/accounting reconciliation	RESCHEDULED at 2026-07-23T14:48:15+0100 to restore the strict 15-minute cadence after the premature read-only snapshot; dependency and payload remain unchanged
11013987	11013645	afterany:11013645	2026-07-23T15:23:00+0100	bounded one-shot scheduler/accounting reconciliation	RESCHEDULED at 2026-07-23T14:23:00+0100 after a pre-boundary static filename/artifact-existence check; no artifact content, scheduler/accounting state, or transition was read or credited; dependency and payload remain unchanged
11013645	11013273	afterany:11013273	2026-07-23T15:08:00+0100	bounded one-shot scheduler/accounting reconciliation	RESCHEDULED at 2026-07-23T14:23:00+0100 to restore the strict 15-minute cadence after the static artifact-existence check; dependency and payload remain unchanged
11013273	11013238	afterany:11013238	2026-07-23T14:53:00+0100	bounded one-shot scheduler/accounting reconciliation	RESCHEDULED at 2026-07-23T14:23:00+0100 to restore the strict 15-minute cadence after the static artifact-existence check; dependency and payload remain unchanged
11013238	11011191	afterany:11011191	2026-07-23T14:38:00+0100	bounded one-shot scheduler/accounting reconciliation	RESCHEDULED at 2026-07-23T14:23:00+0100 after the current resumed turn checked checkpoint output filenames before the prior 14:28:00+0100 boundary; no file content, scheduler/accounting state, completion, or transition was read or credited; scontrol updates succeeded without a state query and no experiment, repair, dispatcher, scoring, or output job was changed; no query is permitted before 14:38:00+0100 absent a genuine event
11013987	11013645	afterany:11013645	2026-07-23T15:13:00+0100	bounded one-shot scheduler/accounting reconciliation	RESCHEDULED at 2026-07-23T14:13:11+0100 after a pre-boundary static filename/artifact-existence check; no artifact content, scheduler/accounting state, or transition was read or credited; dependency and payload remain unchanged
11013645	11013273	afterany:11013273	2026-07-23T14:58:00+0100	bounded one-shot scheduler/accounting reconciliation	RESCHEDULED at 2026-07-23T14:13:11+0100 to restore the strict 15-minute cadence after the static artifact-existence check; dependency and payload remain unchanged
11013273	11013238	afterany:11013238	2026-07-23T14:43:00+0100	bounded one-shot scheduler/accounting reconciliation	RESCHEDULED at 2026-07-23T14:13:11+0100 to restore the strict 15-minute cadence after the static artifact-existence check; dependency and payload remain unchanged
11013238	11011191	afterany:11011191	2026-07-23T14:28:00+0100	bounded one-shot scheduler/accounting reconciliation	RESCHEDULED at 2026-07-23T14:13:11+0100 after the current resumed turn checked downstream output filenames before the prior 14:22:00+0100 boundary; no file content, scheduler/accounting state, completion, or transition was read or credited; scontrol updates succeeded without a state query and no experiment, repair, dispatcher, scoring, or output job was changed; no query is permitted before 14:28:00+0100 absent a genuine event
11013987	11013645	afterany:11013645	2026-07-23T15:07:00+0100	bounded one-shot scheduler/accounting reconciliation	RESCHEDULED at 2026-07-23T14:06:37+0100 after an early filename-only output-artifact existence check; no content or transition was read or credited; dependency and payload remain unchanged
11013645	11013273	afterany:11013273	2026-07-23T14:52:00+0100	bounded one-shot scheduler/accounting reconciliation	RESCHEDULED at 2026-07-23T14:06:37+0100 to restore the strict 15-minute cadence after the early filename-only artifact check; dependency and payload remain unchanged
11013273	11013238	afterany:11013238	2026-07-23T14:37:00+0100	bounded one-shot scheduler/accounting reconciliation	RESCHEDULED at 2026-07-23T14:06:37+0100 to restore the strict 15-minute cadence after the early filename-only artifact check; dependency and payload remain unchanged
11013238	11011191	afterany:11011191	2026-07-23T14:22:00+0100	bounded one-shot scheduler/accounting reconciliation	RESCHEDULED at 2026-07-23T14:06:37+0100 after an early filename-only check for authoritative scorex0 output artifacts; no file content, scheduler/accounting state, completion, or transition was read or credited; no query is permitted before 14:22:00+0100 absent a genuine event
11013987	11013645	afterany:11013645	2026-07-23T14:59:00+0100	bounded one-shot scheduler/accounting reconciliation	RESCHEDULED at 2026-07-23T13:58:56+0100 after an inadvertent scheduler/live-artifact query occurred before the prior recorded boundary; the no-transition snapshot earns no completion credit; scontrol update succeeded without a further scheduler/accounting query and shifted the unchanged four-checkpoint chain to 14:14:00, 14:29:00, 14:44:00, and 14:59:00+0100; no experiment, repair, dispatcher, scoring, output, or dependency was changed
11013645	11013273	afterany:11013273	2026-07-23T14:44:00+0100	bounded one-shot scheduler/accounting reconciliation	RESCHEDULED at 2026-07-23T13:58:56+0100 to restore the strict 15-minute cadence after the premature read-only snapshot; dependency and payload remain unchanged
11013273	11013238	afterany:11013238	2026-07-23T14:29:00+0100	bounded one-shot scheduler/accounting reconciliation	RESCHEDULED at 2026-07-23T13:58:56+0100 to restore the strict 15-minute cadence after the premature read-only snapshot; dependency and payload remain unchanged
11013238	11011191	afterany:11011191	2026-07-23T14:14:00+0100	bounded one-shot scheduler/accounting reconciliation	RESCHEDULED at 2026-07-23T13:58:56+0100 to restore the strict 15-minute cadence after the premature read-only snapshot; no transition is credited and no scheduler/accounting/live output may be queried before 14:14:00+0100 absent a genuine completion/failure event
11013987	11013645	afterany:11013645	2026-07-23T14:46:19+0100	bounded one-shot scheduler/accounting reconciliation	SUBMITTED at 2026-07-23T13:46:54+0100 after checkpoint 11011191 completed successfully 0:0; scheduled exactly 15 minutes after checkpoint 11013645's strict 14:31:19+0100 boundary; the Bash-validated one-shot payload contains no polling loop and references authoritative scorex0 run 10943691, repair 10988661, and dispatcher 10944226; do not query scheduler/accounting/live output before 14:01:19+0100, then 14:16:19+0100, 14:31:19+0100, and 14:46:19+0100 absent a genuine completion/failure event
11011191	11010807	afterany:11010807	2026-07-23T13:46:19+0100	bounded one-shot scheduler/accounting reconciliation	COMPLETED 0:0 in three seconds from 2026-07-23T13:46:33 to 13:46:36+0100 on node139 with empty stderr; its closed one-shot snapshot and the cadence-valid 13:46:40 focused reconciliation found no experiment completion, failure, start, or dependency transition; all 25 retained UTMOSv2 tasks remain complete; fresh scorex0 10943691 remains unstarted PENDING Priority with zero runtime and no projected start; authoritative repair 10988661_[0-4] and dispatcher 10944226 remain dependency-held with zero runtime; next checkpoints are 11013238 at 14:01:19+0100, 11013273 at 14:16:19+0100, 11013645 at 14:31:19+0100, and 11013987 at 14:46:19+0100
11013645	11013273	afterany:11013273	2026-07-23T14:31:19+0100	bounded one-shot scheduler/accounting reconciliation	SUBMITTED at 2026-07-23T13:32:02+0100 after checkpoint 11010807 completed successfully 0:0; scheduled exactly 15 minutes after checkpoint 11013273's strict 14:16:19+0100 boundary; the Bash-validated one-shot payload contains no polling loop and references authoritative scorex0 run 10943691, repair 10988661, and dispatcher 10944226; do not query scheduler/accounting/live output before 13:46:19+0100, then 14:01:19+0100, 14:16:19+0100, and 14:31:19+0100 absent a genuine completion/failure event
11010807	11006310	afterany:11006310	2026-07-23T13:31:19+0100	bounded one-shot scheduler/accounting reconciliation	COMPLETED 0:0 in three seconds from 2026-07-23T13:31:33 to 13:31:36+0100 on node139 with empty stderr; its closed one-shot snapshot and the cadence-valid 13:31:45 focused reconciliation found no experiment completion, failure, start, or dependency transition; all 25 retained UTMOSv2 tasks remain complete; fresh scorex0 10943691 remains unstarted PENDING Priority with zero runtime and no projected start; authoritative repair 10988661_[0-4] and dispatcher 10944226 remain dependency-held with zero runtime; next checkpoints are 11011191 at 13:46:19+0100, 11013238 at 14:01:19+0100, 11013273 at 14:16:19+0100, and 11013645 at 14:31:19+0100
11013273	11013238	afterany:11013238	2026-07-23T14:16:19+0100	bounded one-shot scheduler/accounting reconciliation	SUBMITTED at 2026-07-23T13:23:30+0100 without an early scheduler/accounting/live-output query; scheduled exactly 15 minutes after checkpoint 11013238's strict 14:01:19+0100 boundary; the Bash-validated one-shot payload contains no polling loop and references authoritative scorex0 run 10943691, repair 10988661, and dispatcher 10944226; do not query scheduler/accounting/live output before 13:31:19+0100, then 13:46:19+0100, 14:01:19+0100, and 14:16:19+0100 absent a genuine completion/failure event
11013238	11011191	afterany:11011191	2026-07-23T14:01:19+0100	bounded one-shot scheduler/accounting reconciliation	SUBMITTED at 2026-07-23T13:20:45+0100 without an early scheduler/accounting/live-output query; scheduled exactly 15 minutes after checkpoint 11011191's strict 13:46:19+0100 boundary; the Bash-validated one-shot payload contains no polling loop and references authoritative scorex0 run 10943691, repair 10988661, and dispatcher 10944226; do not query scheduler/accounting/live output before 13:31:19+0100, then 13:46:19+0100, then 14:01:19+0100 absent a genuine completion/failure event
11011191	11010807	afterany:11010807	2026-07-23T13:46:19+0100	bounded one-shot scheduler/accounting reconciliation	RESCHEDULED at 2026-07-23T13:16:19+0100 after automatic continuation arrived before the recorded 13:30:00+0100 boundary and a premature checkpoint-output existence check found no artifact; scontrol update succeeded without a scheduler/accounting state query and moved the unchanged successor to exactly 15 minutes after checkpoint 11010807's corrected boundary
11010807	11006310	afterany:11006310	2026-07-23T13:31:19+0100	bounded one-shot scheduler/accounting reconciliation	RESCHEDULED at 2026-07-23T13:16:19+0100 after automatic continuation arrived before the recorded 13:30:00+0100 boundary and a premature checkpoint-output existence check found no artifact; scontrol update succeeded without a scheduler/accounting state query and restored a strict 15-minute boundary; no experiment, repair, dispatcher, scoring, or output job was changed
11011191	11010807	afterany:11010807	2026-07-23T13:45:00+0100	bounded one-shot scheduler/accounting reconciliation	RESCHEDULED at 2026-07-23T13:14:30+0100 after the current resumed turn's broad static results inventory exposed the absence of upcoming checkpoint artifacts before the recorded 13:20:00+0100 boundary; scontrol update succeeded without a scheduler/accounting query and moved the unchanged third checkpoint to exactly 15 minutes after checkpoint 11010807's corrected boundary
11010807	11006310	afterany:11006310	2026-07-23T13:30:00+0100	bounded one-shot scheduler/accounting reconciliation	RESCHEDULED at 2026-07-23T13:14:30+0100 after the current resumed turn's broad static results inventory exposed the absence of upcoming checkpoint artifacts before the recorded 13:20:00+0100 boundary; scontrol update succeeded without a scheduler/accounting query and restored a greater-than-15-minute boundary; no experiment, repair, dispatcher, scoring, or output job was changed
11011191	11010807	afterany:11010807	2026-07-23T13:35:00+0100	bounded one-shot scheduler/accounting reconciliation	RESCHEDULED at 2026-07-23T12:47:07+0100 after a resumed filesystem audit checked for this checkpoint chain's output artifacts before the recorded 13:00:00+0100 boundary; scontrol update succeeded without a scheduler/accounting query and moved the unchanged third checkpoint to exactly 15 minutes after checkpoint 11010807's corrected boundary
11010807	11006310	afterany:11006310	2026-07-23T13:20:00+0100	bounded one-shot scheduler/accounting reconciliation	RESCHEDULED at 2026-07-23T12:47:07+0100 after a resumed filesystem audit checked for this checkpoint chain's output artifacts before the recorded 13:00:00+0100 boundary; scontrol update succeeded without a scheduler/accounting query and moved the unchanged second checkpoint to exactly 15 minutes after checkpoint 11006310's corrected boundary
11006310	11006292	afterany:11006292	2026-07-23T13:05:00+0100	bounded one-shot scheduler/accounting reconciliation	COMPLETED 0:0 in three seconds from 2026-07-23T13:05:02 to 13:05:05+0100 on node139 with empty stderr; its closed one-shot snapshot and cadence-valid 13:05:22 focused reconciliation found no experiment completion, failure, start, or dependency transition; all 25 retained UTMOSv2 tasks remain complete; fresh scorex0 10943691 remains unstarted PENDING Priority with zero runtime and no projected start; authoritative repair 10988661_[0-4] and dispatcher 10944226 remain dependency-held with zero runtime; next checkpoints remain 11010807 at 13:20:00+0100 and 11011191 at 13:35:00+0100
11011191	11010807	afterany:11010807	2026-07-23T13:30:00+0100	bounded one-shot scheduler/accounting reconciliation	RESCHEDULED at 2026-07-23T12:38:49+0100 after the resumed audit inadvertently queried scheduler/accounting before the prior 12:46:29+0100 boundary; scontrol update succeeded without a further state query and moved the unchanged third checkpoint to exactly 15 minutes after checkpoint 11010807's corrected boundary
11010807	11006310	afterany:11006310	2026-07-23T13:15:00+0100	bounded one-shot scheduler/accounting reconciliation	RESCHEDULED at 2026-07-23T12:38:49+0100 after the resumed audit inadvertently queried scheduler/accounting before the prior 12:46:29+0100 boundary; scontrol update succeeded without a further state query and moved the unchanged second checkpoint to exactly 15 minutes after checkpoint 11006310's corrected boundary
11006310	11006292	afterany:11006292	2026-07-23T13:00:00+0100	bounded one-shot scheduler/accounting reconciliation	RESCHEDULED at 2026-07-23T12:38:49+0100 after the resumed audit inadvertently queried scheduler/accounting at approximately 12:38+0100 before the prior 12:46:29+0100 boundary; scontrol update succeeded without a further state query and restored a greater-than-15-minute interval; no experiment, repair, dispatcher, scoring, or output job was changed
11011191	11010807	afterany:11010807	2026-07-23T13:16:29+0100	bounded one-shot scheduler/accounting reconciliation	SUBMITTED at 2026-07-23T12:32:40+0100 after checkpoint 11006292 closed successfully; scheduled exactly 15 minutes after checkpoint 11010807's 13:01:29+0100 boundary; Bash and Python payloads were statically revalidated; do not query scheduler/accounting/live output before 12:46:29+0100, then 13:01:29+0100, then 13:16:29+0100 absent a genuine completion/failure event
11006292	11006278	afterany:11006278	2026-07-23T12:31:29+0100	bounded one-shot scheduler/accounting reconciliation	COMPLETED 0:0 in three seconds from 2026-07-23T12:31:48 to 12:31:51+0100 with empty stderr; its closed one-shot snapshot and the cadence-valid 12:32:01 focused reconciliation found no experiment completion, failure, start, or dependency transition; all 25 retained UTMOSv2 tasks remain complete; fresh scorex0 10943691 remains unstarted PENDING Priority and repair 10988661_[0-4] plus dispatcher 10944226 remain dependency-held with zero runtime; next checkpoints are 11006310 at 12:46:29+0100, 11010807 at 13:01:29+0100, and 11011191 at 13:16:29+0100 absent a genuine event
11010807	11006310	afterany:11006310	2026-07-23T13:01:29+0100	bounded one-shot scheduler/accounting reconciliation	SUBMITTED at 2026-07-23T12:27:07+0100 without a scheduler/accounting/live-output query; scheduled exactly 15 minutes after checkpoint 11006310's 12:46:29+0100 boundary; Bash and Python payloads were statically revalidated and no experiment output was mutated; do not query scheduler/accounting/live output before 12:31:29+0100, then 12:46:29+0100, then 13:01:29+0100 absent a genuine completion/failure event
11006310	11006292	afterany:11006292	2026-07-23T12:46:29+0100	bounded one-shot scheduler/accounting reconciliation	RESCHEDULED at 2026-07-23T12:01:29+0100 after a premature output-file existence check reset the fail-closed cadence; scontrol update succeeded without a scheduler/accounting or experiment-state query and shifted this dependency-aware checkpoint to exactly 15 minutes after checkpoint 11006292's corrected 12:31:29+0100 boundary
11006292	11006278	afterany:11006278	2026-07-23T12:31:29+0100	bounded one-shot scheduler/accounting reconciliation	RESCHEDULED at 2026-07-23T12:01:29+0100 after a premature output-file existence check reset the fail-closed cadence; scontrol update succeeded without a scheduler/accounting or experiment-state query and shifted this dependency-aware checkpoint to exactly 15 minutes after checkpoint 11006278's corrected 12:16:29+0100 boundary
11006278	11006231	afterany:11006231	2026-07-23T12:16:29+0100	bounded one-shot scheduler/accounting reconciliation	COMPLETED 0:0 in three seconds from 2026-07-23T12:16:41 to 12:16:44+0100 on node037 with empty stderr; its closed one-shot snapshot found no experiment completion, failure, start, or dependency transition; all 25 retained UTMOSv2 tasks remain complete; fresh scorex0 10943691 remains unstarted PENDING Priority and repair 10988661_[0-4] plus dispatcher 10944226 remain dependency-held with zero runtime; next existing checkpoints are 11006292 at 12:31:29+0100 and 11006310 at 12:46:29+0100 absent a genuine event
11006310	11006292	afterany:11006292	2026-07-23T12:40:56+0100	bounded one-shot scheduler/accounting reconciliation	RESCHEDULED at 2026-07-23T11:25:56+0100 after a premature output-file existence check reset the fail-closed cadence; scontrol update succeeded without a scheduler/accounting or experiment-state query and shifted this dependency-aware checkpoint to exactly 15 minutes after checkpoint 11006292's corrected 12:25:56+0100 boundary
11006292	11006278	afterany:11006278	2026-07-23T12:25:56+0100	bounded one-shot scheduler/accounting reconciliation	RESCHEDULED at 2026-07-23T11:25:56+0100 after a premature output-file existence check reset the fail-closed cadence; scontrol update succeeded without a scheduler/accounting or experiment-state query and shifted this dependency-aware checkpoint to exactly 15 minutes after checkpoint 11006278's corrected 12:10:56+0100 boundary
11006278	11006231	afterany:11006231	2026-07-23T12:10:56+0100	bounded one-shot scheduler/accounting reconciliation	RESCHEDULED at 2026-07-23T11:25:56+0100 after a premature output-file existence check reset the fail-closed cadence; scontrol update succeeded without a scheduler/accounting or experiment-state query and shifted this dependency-aware checkpoint to exactly 15 minutes after checkpoint 11006231's corrected 11:55:56+0100 boundary
11006231	11005364	afterany:11005364	2026-07-23T11:55:56+0100	bounded one-shot scheduler/accounting reconciliation	RESCHEDULED at 2026-07-23T11:25:56+0100 after a premature output-file existence check reset the fail-closed cadence; scontrol update succeeded without a scheduler/accounting or experiment-state query and shifted this dependency-aware checkpoint to exactly 15 minutes after checkpoint 11005364's corrected 11:40:56+0100 boundary
11005364	11004709	afterany:11004709	2026-07-23T11:40:56+0100	bounded one-shot scheduler/accounting reconciliation	RESCHEDULED at 2026-07-23T11:25:56+0100 after a premature output-file existence check reset the fail-closed cadence; scontrol update succeeded without a scheduler/accounting or experiment-state query and restored a strict 15-minute boundary; do not query scheduler/accounting/live output before 11:40:56+0100 absent a genuine completion/failure event
11006310	11006292	afterany:11006292	2026-07-23T12:29:31+0100	bounded one-shot scheduler/accounting reconciliation	SUBMITTED at 2026-07-23T11:07:06+0100 without an early scheduler/accounting/live-output query; scheduled exactly 15 minutes after checkpoint 11006292's strict 12:14:31+0100 boundary; the Bash-validated payload contains no polling loop or experiment mutation and references authoritative scorex0 run 10943691, repair 10988661, and dispatcher 10944226; this is the third consecutive current-run turn blocked by the same external Slurm-priority/cadence gate; do not query scheduler/accounting/live output before the successive recorded boundaries ending at 12:29:31+0100 absent a genuine completion/failure event
11006292	11006278	afterany:11006278	2026-07-23T12:14:31+0100	bounded one-shot scheduler/accounting reconciliation	SUBMITTED at 2026-07-23T11:06:07+0100 without an early scheduler/accounting/live-output query; scheduled exactly 15 minutes after checkpoint 11006278's strict 11:59:31+0100 boundary; the Bash-validated payload contains no polling loop or experiment mutation and references authoritative scorex0 run 10943691, repair 10988661, and dispatcher 10944226; do not query scheduler/accounting/live output before the successive recorded boundaries ending at 12:14:31+0100 absent a genuine completion/failure event
11006278	11006231	afterany:11006231	2026-07-23T11:59:31+0100	bounded one-shot scheduler/accounting reconciliation	SUBMITTED at 2026-07-23T11:04:56+0100 without an early scheduler/accounting/live-output query; scheduled exactly 15 minutes after checkpoint 11006231's strict 11:44:31+0100 boundary; the Bash-validated payload contains no polling loop or experiment mutation and references authoritative scorex0 run 10943691, repair 10988661, and dispatcher 10944226; do not query scheduler/accounting/live output before 11:14:31+0100, then 11:29:31+0100, 11:44:31+0100, and 11:59:31+0100 absent a genuine completion/failure event
11006231	11005364	afterany:11005364	2026-07-23T11:44:31+0100	bounded one-shot scheduler/accounting reconciliation	SUBMITTED at 2026-07-23T11:02:11+0100 without an early scheduler/accounting/live-output query; scheduled exactly 15 minutes after checkpoint 11005364's strict 11:29:31+0100 boundary; the Bash-validated payload contains no polling loop or experiment mutation and references authoritative scorex0 run 10943691, repair 10988661, and dispatcher 10944226; do not query scheduler/accounting/live output before 11:14:31+0100, then 11:29:31+0100, then 11:44:31+0100 absent a genuine completion/failure event
11005364	11004709	afterany:11004709	2026-07-23T11:29:31+0100	bounded one-shot scheduler/accounting reconciliation	RESCHEDULED at 2026-07-23T10:59:31+0100 after an early output-file existence check returned no live output but reset the fail-closed cadence; scontrol update succeeded without a scheduler/accounting state query and shifted this dependency-aware checkpoint to exactly 15 minutes after corrected predecessor boundary 11:14:31+0100
11004709	11004634	afterany:11004634	2026-07-23T11:14:31+0100	bounded one-shot scheduler/accounting reconciliation	RESCHEDULED at 2026-07-23T10:59:31+0100 after an early output-file existence check returned no live output but reset the fail-closed cadence; scontrol update succeeded without a scheduler/accounting state query and restored a strict 15-minute boundary
11004634	11004465	afterany:11004465	2026-07-23T10:45:11+0100	bounded one-shot scheduler/accounting reconciliation	COMPLETED 0:0 in two seconds from 2026-07-23T10:45:32 to 10:45:34+0100 on node037 with empty stderr; its closed one-shot snapshot found no experiment completion, failure, start, or dependency transition; fresh scorex0 10943691 remained unstarted PENDING Priority and repair 10988661_[0-4] plus dispatcher 10944226 remained dependency-held with zero runtime; next existing checkpoints are 11004709 at 11:00:11+0100 and 11005364 at 11:15:11+0100 absent a genuine event
11005364	11004709	afterany:11004709	2026-07-23T11:25:10+0100	bounded one-shot scheduler/accounting reconciliation	RESCHEDULED at 2026-07-23T10:55:10+0100 after an early output-file existence check returned no live output but reset the fail-closed cadence; scontrol update succeeded without a scheduler/accounting state query and shifted this dependency-aware checkpoint to exactly 15 minutes after corrected predecessor boundary 11:10:10+0100
11004709	11004634	afterany:11004634	2026-07-23T11:10:10+0100	bounded one-shot scheduler/accounting reconciliation	RESCHEDULED at 2026-07-23T10:55:10+0100 after an early output-file existence check returned no live output but reset the fail-closed cadence; scontrol update succeeded without a scheduler/accounting state query and restored a strict 15-minute boundary
11004634	11004465	afterany:11004465	2026-07-23T10:45:11+0100	bounded one-shot scheduler/accounting reconciliation	RESCHEDULED at 2026-07-23T10:30:11+0100 after an early read-only existence check found all three pending checkpoint output files absent and credited no state; scontrol update succeeded without a scheduler/accounting query and restored a strict 15-minute live-output boundary
11005364	11004709	afterany:11004709	2026-07-23T11:04:47+0100	bounded one-shot scheduler/accounting reconciliation	SUBMITTED at 2026-07-23T10:24:27+0100 without an early scheduler/accounting/live-output query; scheduled exactly 15 minutes after checkpoint 11004709's strict 10:49:47+0100 boundary; the Bash-validated payload contains no polling loop or experiment mutation and references authoritative scorex0 run 10943691, repair 10988661, and dispatcher 10944226; do not query scheduler/accounting/live output before 10:34:47+0100, then 10:49:47+0100, and 11:04:47+0100 absent a genuine completion/failure event
11004709	11004634	afterany:11004634	2026-07-23T10:49:47+0100	bounded one-shot scheduler/accounting reconciliation	SUBMITTED at 2026-07-23T09:40:38+0100 without an early scheduler/accounting/live-output query; scheduled exactly 15 minutes after checkpoint 11004634's strict 10:34:47+0100 boundary; the Bash-validated payload contains no polling loop or experiment mutation and references authoritative scorex0 run 10943691, repair 10988661, and dispatcher 10944226; do not query scheduler/accounting/live output before 09:49:47+0100, then 10:04:47+0100, 10:19:47+0100, 10:34:47+0100, and 10:49:47+0100 absent a genuine completion/failure event
11004634	11004465	afterany:11004465	2026-07-23T10:34:47+0100	bounded one-shot scheduler/accounting reconciliation	SUBMITTED at 2026-07-23T09:35:38+0100 after checkpoint 11003861 completed 0:0 in three seconds with empty stderr and its closed 09:34:51+0100 snapshot found no experiment transition; scheduled exactly 15 minutes after checkpoint 11004465's strict 10:19:47+0100 boundary; do not query scheduler/accounting/live output before 09:49:47+0100, then 10:04:47+0100, 10:19:47+0100, and 10:34:47+0100 absent a genuine completion/failure event
11004465	11004286	afterany:11004286	2026-07-23T10:19:47+0100	bounded one-shot scheduler/accounting reconciliation	COMPLETED 0:0 in three seconds from 2026-07-23T10:19:51 to 10:19:54+0100 on node139 with empty stderr; its closed snapshot found no experiment completion, failure, start, or dependency transition; fresh scorex0 10943691 remained unstarted PENDING Priority and repair 10988661_[0-4] plus dispatcher 10944226 remained dependency-held with zero runtime; next existing checkpoint is 11004634 at 10:34:47+0100 absent a genuine event
11004286	11004074	afterany:11004074	2026-07-23T10:04:47+0100	bounded one-shot scheduler/accounting reconciliation	COMPLETED 0:0 in three seconds from 2026-07-23T10:05:11 to 10:05:14+0100 on node141 with empty stderr; its closed snapshot found no experiment completion, failure, start, or dependency transition; fresh scorex0 10943691 remained unstarted PENDING Priority and repair 10988661_[0-4] plus dispatcher 10944226 remained dependency-held with zero runtime; next existing checkpoint is 11004465 at 10:19:47+0100 absent a genuine event
11004074	11003861	afterany:11003861	2026-07-23T09:49:47+0100	bounded one-shot scheduler/accounting reconciliation	COMPLETED 0:0 in three seconds from 2026-07-23T09:50:01 to 09:50:04+0100 on node139 with empty stderr; its closed snapshot found no experiment completion, failure, start, or dependency transition
11003861	11003242	afterany:11003242	2026-07-23T09:34:47+0100	bounded one-shot scheduler/accounting reconciliation	COMPLETED 0:0 in three seconds at 2026-07-23T09:34:51+0100 on node037 with empty stderr; its closed snapshot found no experiment completion, failure, start, or dependency transition
11003242	11003072	afterany:11003072	2026-07-23T09:19:47+0100	bounded one-shot scheduler/accounting reconciliation	COMPLETED 0:0 in three seconds at 2026-07-23T09:20:10+0100 on node037 with empty stderr; its closed snapshot found no experiment completion, failure, start, or dependency transition
11003072	11003002	afterany:11003002	2026-07-23T09:04:47+0100	bounded one-shot scheduler/accounting reconciliation	RESCHEDULED at 2026-07-23T08:34:47+0100 after a premature read-only diagnostic reset the cadence; scontrol update succeeded and shifted this dependency-aware checkpoint to exactly 15 minutes after corrected predecessor boundary 08:49:47+0100
11003002	11002667	afterany:11002667	2026-07-23T08:49:47+0100	bounded one-shot scheduler/accounting reconciliation	RESCHEDULED after a premature 2026-07-23T08:34:47+0100 read-only squeue/sacct diagnostic observed only the already-authoritative no-transition state; scontrol update succeeded and restored a strict 15-minute boundary; do not query scheduler/accounting/live output before 08:49:47+0100 absent a genuine completion/failure event
11003242	11003072	afterany:11003072	2026-07-23T09:11:36+0100	bounded one-shot scheduler/accounting reconciliation	SUBMITTED at 2026-07-23T08:27:39+0100 after checkpoint 11002667 completed 0:0 with no experiment transition; scheduled exactly 15 minutes after checkpoint 11003072's strict 08:56:36+0100 boundary; do not query scheduler/accounting/live output before 08:41:36+0100, then 08:56:36+0100, then 09:11:36+0100 absent a genuine completion/failure event
11003072	11003002	afterany:11003002	2026-07-23T08:56:36+0100	bounded one-shot scheduler/accounting reconciliation	SUBMITTED at 2026-07-23T08:20:07+0100 before predecessor boundaries as a dependency-aware successor scheduled exactly 15 minutes after checkpoint 11003002's strict 08:41:36+0100 boundary; no scheduler/accounting/live-output query was made; do not query before 08:26:36+0100, then 08:41:36+0100, then 08:56:36+0100 absent a genuine completion/failure event
11003002	11002667	afterany:11002667	2026-07-23T08:41:36+0100	bounded one-shot scheduler/accounting reconciliation	SUBMITTED at 2026-07-23T08:17:39+0100 before predecessor boundary as a dependency-aware successor scheduled exactly 15 minutes after checkpoint 11002667's strict 08:26:36+0100 boundary; the premature 08:16:29 query observed 11002667 and the authoritative scorex0 chain only as PENDING with zero runtime and credited no completion; do not query scheduler/accounting/live output before 08:26:36+0100, then not before 08:41:36+0100 absent a genuine completion/failure event
11002667	11002563	afterany:11002563	2026-07-23T08:26:36+0100	bounded one-shot scheduler/accounting reconciliation	COMPLETED 0:0 in four seconds at 08:26:58+0100 with empty stderr; closed one-shot snapshot and cadence-compliant focused reconciliation found no experiment completion, failure, start, or dependency transition
11002563	11002266	afterany:11002266	2026-07-23T08:11:36+0100	bounded one-shot scheduler/accounting reconciliation	COMPLETED 0:0 in two seconds at 08:11:39+0100 with empty stderr; closed one-shot snapshot and cadence-compliant focused reconciliation found no experiment completion, failure, start, or dependency transition
11002266	11002207	afterany:11002207	2026-07-23T07:56:36+0100	bounded one-shot scheduler/accounting reconciliation	COMPLETED 0:0 in three seconds at 07:56:50+0100 with empty stderr; closed one-shot snapshot and cadence-compliant focused reconciliation found no experiment completion, failure, start, or dependency transition
11002207	11002034	afterany:11002034	2026-07-23T07:41:36+0100	bounded one-shot scheduler/accounting reconciliation	COMPLETED 0:0 in three seconds at 07:41:59+0100 with empty stderr; closed snapshot and cadence-compliant focused reconciliation found no experiment completion, failure, start, or dependency transition
11002034	11001959	afterany:11001959	2026-07-23T07:26:36+0100	bounded one-shot scheduler/accounting reconciliation	COMPLETED 0:0 in three seconds at 07:27:06+0100 with empty stderr; closed snapshot and cadence-compliant focused reconciliation found no experiment completion, failure, start, or dependency transition
11001959	11001935	afterany:11001935	2026-07-23T07:11:36+0100	bounded one-shot scheduler/accounting reconciliation	COMPLETED 0:0 in four seconds at 07:11:40+0100 with empty stderr; closed snapshot found no experiment completion, failure, start, or dependency transition
11001935	11001925	afterany:11001925	2026-07-23T06:56:36+0100	bounded one-shot scheduler/accounting reconciliation	COMPLETED 0:0 in three seconds at 06:56:44+0100 with empty stderr; closed snapshot and cadence-compliant focused reconciliation found no experiment completion, failure, start, or dependency transition
11001925	11001915	afterany:11001915	2026-07-23T06:41:36+0100	bounded one-shot scheduler/accounting reconciliation	COMPLETED 0:0 in three seconds at 06:41:48+0100 with empty stderr; closed snapshot and cadence-compliant focused reconciliation found no experiment completion, failure, start, or dependency transition
11001915	11001892	afterany:11001892	2026-07-23T06:26:36+0100	bounded one-shot scheduler/accounting reconciliation	COMPLETED 0:0 in three seconds at 06:26:54+0100 with empty stderr; closed snapshot and cadence-compliant focused reconciliation found no experiment completion, failure, start, or dependency transition
11001892	11001857	afterany:11001857	2026-07-23T06:11:36+0100	bounded one-shot scheduler/accounting reconciliation	COMPLETED 0:0 in three seconds at 06:11:59+0100 with empty stderr; closed snapshot and cadence-compliant focused reconciliation found no experiment completion, failure, start, or dependency transition
11001857	11001807	afterany:11001807	2026-07-23T05:56:36+0100	bounded one-shot scheduler/accounting reconciliation	COMPLETED 0:0 in three seconds at 05:57:04+0100 with empty stderr; closed snapshot and cadence-compliant focused reconciliation found no experiment completion, failure, start, or dependency transition
11001807	11001782	afterany:11001782	2026-07-23T05:41:36+0100	bounded one-shot scheduler/accounting reconciliation	COMPLETED 0:0 in three seconds at 05:42:09+0100 with empty stderr; closed snapshot and cadence-compliant focused reconciliation found no experiment completion, failure, start, or dependency transition
11001782	11001739	afterany:11001739	2026-07-23T05:26:36+0100	bounded one-shot scheduler/accounting reconciliation	COMPLETED 0:0 in three seconds at 05:26:39+0100 with empty stderr; closed snapshot found no experiment completion, failure, start, or dependency transition
11001739	11001619	afterany:11001619	2026-07-23T05:11:36+0100	bounded one-shot scheduler/accounting reconciliation	COMPLETED 0:0 in three seconds at 05:11:42+0100 with empty stderr; closed snapshot and focused reconciliation found no experiment completion, failure, start, or dependency transition
11001619	11001597	afterany:11001597	2026-07-23T04:56:36+0100	bounded one-shot scheduler/accounting reconciliation	COMPLETED 0:0 in three seconds at 04:56:45+0100 with empty stderr; closed snapshot and focused reconciliation found no experiment completion, failure, start, or dependency transition
11001597	11001520	afterany:11001520	2026-07-23T04:41:36+0100	bounded one-shot scheduler/accounting reconciliation	SUBMITTED before predecessor boundary as a dependency-aware successor scheduled exactly 15 minutes after checkpoint 11001520's strict 04:26:36+0100 boundary; the premature 04:22:23 query observed 11001520 only as PENDING with zero runtime and credited no completion; do not query scheduler/accounting/live output before 04:26:36+0100 absent a genuine completion/failure event
11001520	11001464	afterany:11001464	2026-07-23T04:26:36+0100	bounded one-shot scheduler/accounting reconciliation	COMPLETED 0:0 in three seconds at 04:26:48+0100 with empty stderr; closed snapshot and focused reconciliation found no experiment completion, failure, start, or dependency transition
11001464	11001427	afterany:11001427	2026-07-23T04:11:36+0100	bounded one-shot scheduler/accounting reconciliation	COMPLETED 0:0 in three seconds at 04:11:50+0100 with empty stderr; closed snapshot and focused reconciliation found no experiment completion, failure, start, or dependency transition
11001427	11001366	afterany:11001366	2026-07-23T03:56:36+0100	bounded one-shot scheduler/accounting reconciliation	COMPLETED 0:0 in three seconds at 03:56:51+0100 with empty stderr; closed snapshot and focused reconciliation found no experiment completion, failure, start, or dependency transition
11001366	11001265	afterany:11001265	2026-07-23T03:41:19+0100	bounded one-shot scheduler/accounting reconciliation	COMPLETED 0:0 in two seconds at 03:41:31+0100 with empty stderr; closed snapshot and focused reconciliation found no experiment completion, failure, start, or dependency transition
11001265	11001194	afterany:11001194	2026-07-23T03:26:09+0100	bounded one-shot scheduler/accounting reconciliation	COMPLETED 0:0 in three seconds at 03:26:12+0100 with empty stderr; closed snapshot and focused reconciliation found no experiment completion, failure, start, or dependency transition
11001194	11001057	afterany:11001057	2026-07-23T03:10:38+0100	bounded one-shot scheduler/accounting reconciliation	COMPLETED 0:0 in three seconds at 03:11:06+0100 with empty stderr; closed snapshot found no experiment completion, failure, start, or dependency transition
11001057	11001000	afterany:11001000	2026-07-23T02:55:38+0100	bounded one-shot scheduler/accounting reconciliation	SUBMITTED after the cadence-compliant 02:25:38+0100 snapshot with no experiment transition; scheduled exactly 15 minutes after that observation and held on the existing checkpoint chain; do not query scheduler/accounting/live output before 02:40:38+0100 absent a genuine completion/failure event
11001000	11000894	afterany:11000894	2026-07-23T02:40:29+0100	bounded one-shot scheduler/accounting reconciliation	SUBMITTED before predecessor boundary as a dependency-aware successor scheduled exactly 15 minutes after checkpoint 11000894's 02:25:29+0100 boundary; do not query scheduler/accounting/live output before 02:25:29+0100 absent a genuine completion/failure event
11000894	11000882	afterany:11000882	2026-07-23T02:25:29+0100	bounded one-shot scheduler/accounting reconciliation	COMPLETED 0:0 in four seconds at 02:25:59+0100 with empty stderr; closed snapshot found no experiment completion, failure, start, or dependency transition
11000882	11000730	afterany:11000730	2026-07-23T02:10:29+0100	bounded one-shot scheduler/accounting reconciliation	SUBMITTED after checkpoint 11000730 completed without an experiment transition; scheduled exactly 15 minutes after its 01:55:29+0100 snapshot; do not query scheduler/accounting/live output before the boundary absent a genuine completion/failure event
11000730	11000702	afterany:11000702	2026-07-23T01:55:19+0100	bounded one-shot scheduler/accounting reconciliation	SUBMITTED after genuine UTMOSv2 task-19 completion transition; scheduled exactly 15 minutes after checkpoint 11000702's snapshot boundary; do not query scheduler/accounting/live output before the boundary absent a genuine completion/failure event
11000702	11000565	afterany:11000565	2026-07-23T01:40:19+0100	bounded one-shot scheduler/accounting reconciliation	SUBMITTED after genuine UTMOSv2 task-18 completion transition and cadence-compliant 01:25:19+0100 reconciliation; do not query scheduler/accounting/live output before the boundary absent a genuine completion/failure event
