job_id	job_name	state	exit_code	elapsed	start	end	node_list
10800207	one-shot	COMPLETED	0:0	17:22:35	2026-07-11T12:49:44	2026-07-12T06:12:19	gpu05
10800210	levy	COMPLETED	0:0	1-13:32:59	2026-07-11T12:53:37	2026-07-13T02:26:36	gpu01
10800211	blur	COMPLETED	0:0	2-10:28:46	2026-07-11T13:31:43	2026-07-14T00:00:29	gpu11
10800213	mask	COMPLETED	0:0	18:15:04	2026-07-11T13:52:23	2026-07-12T08:07:27	gpu12
10800233	add	COMPLETED	0:0	2-09:05:04	2026-07-11T13:52:23	2026-07-13T22:57:27	gpu14
10800235	fmDT	COMPLETED	0:0	19:53:53	2026-07-11T13:58:56	2026-07-12T09:52:49	gpu05
10800236	product	COMPLETED	0:0	2-11:12:00	2026-07-11T14:03:58	2026-07-14T01:15:58	gpu06
10803830	scorex0	COMPLETED	0:0	3-22:55:48	2026-07-12T05:10:14	2026-07-16T04:06:02	gpu04
10804134	gen3_add_0	COMPLETED	0:0	00:05:13	2026-07-13T23:27:59	2026-07-13T23:33:12	gpu11
10804135	gen3_add_1	COMPLETED	0:0	00:05:10	2026-07-13T23:33:33	2026-07-13T23:38:43	gpu11
10804136	gen3_blur_0	COMPLETED	0:0	00:08:49	2026-07-14T00:05:19	2026-07-14T00:14:08	gpu12
10804137	gen3_add_2	COMPLETED	0:0	00:05:08	2026-07-13T23:39:06	2026-07-13T23:44:14	gpu11
10804138	gen3_blur_1	COMPLETED	0:0	00:08:19	2026-07-14T00:14:24	2026-07-14T00:22:43	gpu12
10804139	gen3_blur_2	COMPLETED	0:0	00:08:07	2026-07-14T00:25:00	2026-07-14T00:33:07	gpu12
10804140	gen3_scorex0_4	COMPLETED	0:0	00:08:21	2026-07-16T04:06:08	2026-07-16T04:14:29	gpu04
10804141	gen3_scorex0_0	COMPLETED	0:0	00:08:28	2026-07-16T04:08:14	2026-07-16T04:16:42	gpu16
10804142	gen3_fmDT_0	COMPLETED	0:0	00:09:18	2026-07-12T09:53:04	2026-07-12T10:02:22	gpu05
10804144	gen3_levy_0	COMPLETED	0:0	00:08:27	2026-07-13T02:45:45	2026-07-13T02:54:12	gpu13
10804145	gen3_levy_1	COMPLETED	0:0	00:08:03	2026-07-13T02:54:17	2026-07-13T03:02:20	gpu13
10804146	gen3_mask_0	COMPLETED	0:0	00:08:22	2026-07-12T08:07:27	2026-07-12T08:15:49	gpu12
10804148	gen3_score_3	COMPLETED	0:0	00:09:19	2026-07-15T21:27:04	2026-07-15T21:36:23	gpu16
10804149	gen3_product_1	COMPLETED	0:0	00:08:25	2026-07-14T01:22:29	2026-07-14T01:30:54	gpu12
10804150	gen3_one-shot_0	COMPLETED	0:0	00:05:25	2026-07-12T06:49:10	2026-07-12T06:54:35	gpu08
10804151	gen3_product_0	COMPLETED	0:0	00:08:29	2026-07-14T01:29:03	2026-07-14T01:37:32	gpu15
10804152	gen3_product_2	COMPLETED	0:0	00:07:58	2026-07-14T01:31:04	2026-07-14T01:39:02	gpu12
10804153	gen3_score_2	COMPLETED	0:0	00:09:47	2026-07-15T21:36:25	2026-07-15T21:46:12	gpu16
10804154	gen3_score_4	COMPLETED	0:0	00:10:06	2026-07-15T21:46:25	2026-07-15T21:56:31	gpu16
10804155	gen3_score_1	COMPLETED	0:0	00:09:47	2026-07-15T21:56:43	2026-07-15T22:06:30	gpu16
10804156	gen3_scorex0_2	COMPLETED	0:0	00:09:15	2026-07-16T04:13:22	2026-07-16T04:22:37	gpu13
10804157	gen3_score_0	COMPLETED	0:0	00:10:05	2026-07-15T22:06:56	2026-07-15T22:17:01	gpu16
10804158	gen3_scorex0_3	COMPLETED	0:0	00:08:16	2026-07-16T04:14:29	2026-07-16T04:22:45	gpu04
10804159	gen3_scorex0_1	COMPLETED	0:0	00:08:17	2026-07-16T04:16:42	2026-07-16T04:24:59	gpu16
10804165	score_rescue2	COMPLETED	0:0	07:35:02	2026-07-15T13:52:02	2026-07-15T21:27:04	gpu16
10884228	scoreDT	COMPLETED	0:0	3-14:33:31	2026-07-15T14:15:52	2026-07-19T04:49:23	gpu15
11099158	tan10_scoredt_595	COMPLETED	0:0	00:45:49	2026-08-01T09:16:51	2026-08-01T10:02:40	gpu15
11104582	tan10_m_add_0	COMPLETED	0:0	00:16:27	2026-08-02T00:29:07	2026-08-02T00:45:34	node083
11104583	tan10_m_add_1	COMPLETED	0:0	00:16:39	2026-08-02T00:29:07	2026-08-02T00:45:46	node084
11104584	tan10_m_add_2	COMPLETED	0:0	00:16:32	2026-08-02T00:29:07	2026-08-02T00:45:39	node120
11104585	tan10_m_blur_0	COMPLETED	0:0	00:16:27	2026-08-02T00:29:07	2026-08-02T00:45:34	node126
11104586	tan10_m_blur_1	COMPLETED	0:0	00:18:20	2026-08-02T00:29:07	2026-08-02T00:47:27	node135
11104587	tan10_m_blur_2	COMPLETED	0:0	00:17:13	2026-08-02T00:29:07	2026-08-02T00:46:20	node142
11104593	tan10_m_fmDT_0	COMPLETED	0:0	00:16:57	2026-08-02T00:29:07	2026-08-02T00:46:04	node059
11104594	tan10_m_levy_0	COMPLETED	0:0	00:16:58	2026-08-02T00:29:07	2026-08-02T00:46:05	node062
11104595	tan10_m_levy_1	COMPLETED	0:0	00:16:54	2026-08-02T00:29:07	2026-08-02T00:46:01	node069
11104596	tan10_m_mask_0	COMPLETED	0:0	00:16:59	2026-08-02T00:29:07	2026-08-02T00:46:06	node070
11104597	tan10_m_one-shot_0	COMPLETED	0:0	00:16:33	2026-08-02T00:29:07	2026-08-02T00:45:40	node211
11104598	tan10_m_product_0	COMPLETED	0:0	00:18:01	2026-08-02T00:30:53	2026-08-02T00:48:54	node145
11104599	tan10_m_product_1	COMPLETED	0:0	00:16:58	2026-08-02T00:30:53	2026-08-02T00:47:51	node304
11104600	tan10_m_product_2	COMPLETED	0:0	00:16:43	2026-08-02T00:30:53	2026-08-02T00:47:36	node304
11104601	tan10_m_score_0	COMPLETED	0:0	00:16:53	2026-08-02T00:33:49	2026-08-02T00:50:42	node092
11104602	tan10_m_score_1	COMPLETED	0:0	00:16:54	2026-08-02T00:33:49	2026-08-02T00:50:43	node092
11104603	tan10_m_score_2	COMPLETED	0:0	00:17:09	2026-08-02T00:39:31	2026-08-02T00:56:40	node141
11104604	tan10_m_score_3	COMPLETED	0:0	00:17:10	2026-08-02T00:41:11	2026-08-02T00:58:21	node106
11104605	tan10_m_score_4	COMPLETED	0:0	00:16:54	2026-08-02T00:41:11	2026-08-02T00:58:05	node106
11104606	tan10_m_scoreDT_0	COMPLETED	0:0	00:17:00	2026-08-02T00:41:11	2026-08-02T00:58:11	node106
11104607	tan10_m_scoreDT_1	COMPLETED	0:0	00:16:59	2026-08-02T00:41:11	2026-08-02T00:58:10	node106
11104608	tan10_m_scoreDT_2	COMPLETED	0:0	00:17:04	2026-08-02T00:41:11	2026-08-02T00:58:15	node125
11104609	tan10_m_scoreDT_3	COMPLETED	0:0	00:16:58	2026-08-02T00:41:11	2026-08-02T00:58:09	node125
11104610	tan10_m_scoreDT_4	COMPLETED	0:0	00:17:29	2026-08-02T00:41:11	2026-08-02T00:58:40	node311
11104611	tan10_m_scorex0_0	COMPLETED	0:0	00:16:43	2026-08-02T00:42:19	2026-08-02T00:59:02	node079
11104612	tan10_m_scorex0_1	COMPLETED	0:0	00:16:41	2026-08-02T00:43:26	2026-08-02T01:00:07	node079
11104613	tan10_m_scorex0_2	COMPLETED	0:0	00:16:52	2026-08-02T00:43:58	2026-08-02T01:00:50	node036
11104614	tan10_m_scorex0_3	COMPLETED	0:0	00:16:48	2026-08-02T00:43:58	2026-08-02T01:00:46	node092
11104615	tan10_m_scorex0_4	COMPLETED	0:0	00:16:40	2026-08-02T00:45:04	2026-08-02T01:01:44	node049
11104616_0	tan10_wer	COMPLETED	0:0	00:09:33	2026-08-02T00:30:18	2026-08-02T00:39:51	gpu08
11104616_1	tan10_wer	COMPLETED	0:0	00:07:42	2026-08-02T00:30:53	2026-08-02T00:38:35	gpu11
11104616_11	tan10_wer	COMPLETED	0:0	00:07:04	2026-08-02T01:08:14	2026-08-02T01:15:18	gpu06
11104616_12	tan10_wer	COMPLETED	0:0	00:06:50	2026-08-02T01:12:41	2026-08-02T01:19:31	gpu16
11104616_13	tan10_wer	COMPLETED	0:0	00:09:06	2026-08-02T01:13:14	2026-08-02T01:22:20	gpu12
11104616_14	tan10_wer	COMPLETED	0:0	00:07:05	2026-08-02T01:15:28	2026-08-02T01:22:33	gpu06
11104616_15	tan10_wer	COMPLETED	0:0	00:07:02	2026-08-02T01:15:28	2026-08-02T01:22:30	gpu11
11104616_16	tan10_wer	COMPLETED	0:0	00:07:29	2026-08-02T01:19:23	2026-08-02T01:26:52	gpu05
11104616_17	tan10_wer	COMPLETED	0:0	00:07:38	2026-08-02T01:19:23	2026-08-02T01:27:01	gpu12
11104616_18	tan10_wer	COMPLETED	0:0	00:07:01	2026-08-02T01:19:57	2026-08-02T01:26:58	gpu16
11104616_19	tan10_wer	COMPLETED	0:0	00:06:58	2026-08-02T01:21:04	2026-08-02T01:28:02	gpu01
11104616_2	tan10_wer	COMPLETED	0:0	00:08:22	2026-08-02T00:40:06	2026-08-02T00:48:28	gpu08
11104616_20	tan10_wer	COMPLETED	0:0	00:07:32	2026-08-02T01:21:37	2026-08-02T01:29:09	gpu12
11104616_21	tan10_wer	COMPLETED	0:0	00:06:59	2026-08-02T01:22:45	2026-08-02T01:29:44	gpu06
11104616_22	tan10_wer	COMPLETED	0:0	00:07:01	2026-08-02T01:22:45	2026-08-02T01:29:46	gpu11
11104616_23	tan10_wer	COMPLETED	0:0	00:07:36	2026-08-02T01:22:45	2026-08-02T01:30:21	gpu12
11104616_24	tan10_wer	COMPLETED	0:0	00:07:45	2026-08-02T01:23:18	2026-08-02T01:31:03	gpu04
11104616_25	tan10_wer	COMPLETED	0:0	00:07:22	2026-08-02T01:23:18	2026-08-02T01:30:40	gpu15
11104616_26	tan10_wer	COMPLETED	0:0	00:07:13	2026-08-02T01:27:12	2026-08-02T01:34:25	gpu05
11104616_27	tan10_wer	COMPLETED	0:0	00:07:37	2026-08-02T01:27:12	2026-08-02T01:34:49	gpu12
11104616_28	tan10_wer	COMPLETED	0:0	00:07:31	2026-08-02T01:27:12	2026-08-02T01:34:43	gpu14
11104616_29	tan10_wer	COMPLETED	0:0	00:06:57	2026-08-02T01:28:19	2026-08-02T01:35:16	gpu16
11104616_3	tan10_wer	COMPLETED	0:0	00:07:48	2026-08-02T00:42:53	2026-08-02T00:50:41	gpu16
11104616_30	tan10_wer	COMPLETED	0:0	00:06:51	2026-08-02T01:29:26	2026-08-02T01:36:17	gpu01
11104616_31	tan10_wer	COMPLETED	0:0	00:07:11	2026-08-02T01:29:59	2026-08-02T01:37:10	gpu05
11104616_32	tan10_wer	COMPLETED	0:0	00:06:59	2026-08-02T01:29:59	2026-08-02T01:36:58	gpu06
11104616_33	tan10_wer	COMPLETED	0:0	00:07:07	2026-08-02T01:30:32	2026-08-02T01:37:39	gpu11
11104616_4	tan10_wer	COMPLETED	0:0	00:07:18	2026-08-02T00:46:09	2026-08-02T00:53:27	gpu06
11104616_5	tan10_wer	COMPLETED	0:0	00:08:04	2026-08-02T00:48:55	2026-08-02T00:56:59	gpu08
11104618_0	tan10_utmos	COMPLETED	0:0	00:07:31	2026-08-02T01:31:06	2026-08-02T01:38:37	gpu04
11104618_1	tan10_utmos	COMPLETED	0:0	00:07:23	2026-08-02T01:31:06	2026-08-02T01:38:29	gpu14
11104618_11	tan10_utmos	COMPLETED	0:0	00:05:04	2026-08-02T01:40:33	2026-08-02T01:45:37	gpu12
11104618_12	tan10_utmos	COMPLETED	0:0	00:05:02	2026-08-02T01:41:07	2026-08-02T01:46:09	gpu04
11104618_13	tan10_utmos	COMPLETED	0:0	00:05:04	2026-08-02T01:41:07	2026-08-02T01:46:11	gpu16
11104618_14	tan10_utmos	COMPLETED	0:0	00:04:39	2026-08-02T01:42:14	2026-08-02T01:46:53	gpu06
11104618_15	tan10_utmos	COMPLETED	0:0	00:05:05	2026-08-02T01:42:33	2026-08-02T01:47:38	gpu01
11104618_16	tan10_utmos	COMPLETED	0:0	00:04:52	2026-08-02T01:43:20	2026-08-02T01:48:12	gpu11
11104618_17	tan10_utmos	COMPLETED	0:0	00:05:01	2026-08-02T01:44:26	2026-08-02T01:49:27	gpu04
11104618_18	tan10_utmos	COMPLETED	0:0	00:06:04	2026-08-02T01:44:26	2026-08-02T01:50:30	gpu14
11104618_19	tan10_utmos	COMPLETED	0:0	00:06:56	2026-08-02T01:44:32	2026-08-02T01:51:28	gpu05
11104618_2	tan10_utmos	COMPLETED	0:0	00:05:22	2026-08-02T01:35:00	2026-08-02T01:40:22	gpu12
11104618_20	tan10_utmos	COMPLETED	0:0	00:06:40	2026-08-02T01:45:33	2026-08-02T01:52:13	gpu11
11104618_21	tan10_utmos	COMPLETED	0:0	00:05:03	2026-08-02T01:46:07	2026-08-02T01:51:10	gpu12
11104618_22	tan10_utmos	COMPLETED	0:0	00:05:02	2026-08-02T01:46:32	2026-08-02T01:51:34	gpu04
11104618_23	tan10_utmos	COMPLETED	0:0	00:04:53	2026-08-02T01:46:32	2026-08-02T01:51:25	gpu16
11104618_24	tan10_utmos	COMPLETED	0:0	00:04:41	2026-08-02T01:47:14	2026-08-02T01:51:55	gpu06
11104618_25	tan10_utmos	COMPLETED	0:0	00:04:58	2026-08-02T01:47:47	2026-08-02T01:52:45	gpu01
11104618_26	tan10_utmos	COMPLETED	0:0	00:05:01	2026-08-02T01:48:21	2026-08-02T01:53:22	gpu11
11104618_27	tan10_utmos	COMPLETED	0:0	00:05:10	2026-08-02T01:49:28	2026-08-02T01:54:38	gpu04
11104618_28	tan10_utmos	COMPLETED	0:0	00:05:48	2026-08-02T01:50:32	2026-08-02T01:56:20	gpu14
11104618_29	tan10_utmos	COMPLETED	0:0	00:08:00	2026-08-02T01:51:32	2026-08-02T01:59:32	gpu05
11104618_3	tan10_utmos	COMPLETED	0:0	00:05:12	2026-08-02T01:35:32	2026-08-02T01:40:44	gpu16
11104618_30	tan10_utmos	COMPLETED	0:0	00:04:51	2026-08-02T01:51:32	2026-08-02T01:56:23	gpu12
11104618_31	tan10_utmos	COMPLETED	0:0	00:04:53	2026-08-02T01:51:32	2026-08-02T01:56:25	gpu16
11104618_32	tan10_utmos	COMPLETED	0:0	00:04:47	2026-08-02T01:51:40	2026-08-02T01:56:27	gpu04
11104618_33	tan10_utmos	COMPLETED	0:0	00:06:24	2026-08-02T01:51:40	2026-08-02T01:58:04	gpu13
11104618_4	tan10_utmos	COMPLETED	0:0	00:04:57	2026-08-02T01:36:06	2026-08-02T01:41:03	gpu04
11104618_5	tan10_utmos	COMPLETED	0:0	00:05:45	2026-08-02T01:36:32	2026-08-02T01:42:17	gpu01
11105086	tan6_scope_repair	COMPLETED	0:0	00:00:25	2026-08-02T03:39:19	2026-08-02T03:39:44	node004
