folder	pair_index	stage	job_id	gen	out
add	0	run	10800233	/mnt/parscratch/users/acp23xt/private/DTDM_Unet/add/add_inf/model.masking.a:0.2/test/converted/Epoch_595	/mnt/parscratch/users/acp23xt/private/DTDM_Unet/add/add_inf/model.masking.a:0.2/test/metrics
add	0	gen_repair	10804134	/mnt/parscratch/users/acp23xt/private/DTDM_Unet/add/add_inf/model.masking.a:0.2/test/converted/Epoch_595	/mnt/parscratch/users/acp23xt/private/DTDM_Unet/add/add_inf/model.masking.a:0.2/test/metrics
add	0	metrics	11104582	/mnt/parscratch/users/acp23xt/private/DTDM_Unet/add/add_inf/model.masking.a:0.2/test/converted/Epoch_595	/mnt/parscratch/users/acp23xt/private/DTDM_Unet/add/add_inf/model.masking.a:0.2/test/metrics
add	1	run	10800233	/mnt/parscratch/users/acp23xt/private/DTDM_Unet/add/add_inf/model.masking.a:0.4/test/converted/Epoch_595	/mnt/parscratch/users/acp23xt/private/DTDM_Unet/add/add_inf/model.masking.a:0.4/test/metrics
add	1	gen_repair	10804135	/mnt/parscratch/users/acp23xt/private/DTDM_Unet/add/add_inf/model.masking.a:0.4/test/converted/Epoch_595	/mnt/parscratch/users/acp23xt/private/DTDM_Unet/add/add_inf/model.masking.a:0.4/test/metrics
add	1	metrics	11104583	/mnt/parscratch/users/acp23xt/private/DTDM_Unet/add/add_inf/model.masking.a:0.4/test/converted/Epoch_595	/mnt/parscratch/users/acp23xt/private/DTDM_Unet/add/add_inf/model.masking.a:0.4/test/metrics
add	2	run	10800233	/mnt/parscratch/users/acp23xt/private/DTDM_Unet/add/add_inf/model.masking.a:0.6/test/converted/Epoch_595	/mnt/parscratch/users/acp23xt/private/DTDM_Unet/add/add_inf/model.masking.a:0.6/test/metrics
add	2	gen_repair	10804137	/mnt/parscratch/users/acp23xt/private/DTDM_Unet/add/add_inf/model.masking.a:0.6/test/converted/Epoch_595	/mnt/parscratch/users/acp23xt/private/DTDM_Unet/add/add_inf/model.masking.a:0.6/test/metrics
add	2	metrics	11104584	/mnt/parscratch/users/acp23xt/private/DTDM_Unet/add/add_inf/model.masking.a:0.6/test/converted/Epoch_595	/mnt/parscratch/users/acp23xt/private/DTDM_Unet/add/add_inf/model.masking.a:0.6/test/metrics
blur	0	run	10800211	/mnt/parscratch/users/acp23xt/private/DTDM_Unet/blur/blur_inf/model.masking.b:10/test/converted/Epoch_595	/mnt/parscratch/users/acp23xt/private/DTDM_Unet/blur/blur_inf/model.masking.b:10/test/metrics
blur	0	gen_repair	10804136	/mnt/parscratch/users/acp23xt/private/DTDM_Unet/blur/blur_inf/model.masking.b:10/test/converted/Epoch_595	/mnt/parscratch/users/acp23xt/private/DTDM_Unet/blur/blur_inf/model.masking.b:10/test/metrics
blur	0	metrics	11104585	/mnt/parscratch/users/acp23xt/private/DTDM_Unet/blur/blur_inf/model.masking.b:10/test/converted/Epoch_595	/mnt/parscratch/users/acp23xt/private/DTDM_Unet/blur/blur_inf/model.masking.b:10/test/metrics
blur	1	run	10800211	/mnt/parscratch/users/acp23xt/private/DTDM_Unet/blur/blur_inf/model.masking.b:20/test/converted/Epoch_595	/mnt/parscratch/users/acp23xt/private/DTDM_Unet/blur/blur_inf/model.masking.b:20/test/metrics
blur	1	gen_repair	10804138	/mnt/parscratch/users/acp23xt/private/DTDM_Unet/blur/blur_inf/model.masking.b:20/test/converted/Epoch_595	/mnt/parscratch/users/acp23xt/private/DTDM_Unet/blur/blur_inf/model.masking.b:20/test/metrics
blur	1	metrics	11104586	/mnt/parscratch/users/acp23xt/private/DTDM_Unet/blur/blur_inf/model.masking.b:20/test/converted/Epoch_595	/mnt/parscratch/users/acp23xt/private/DTDM_Unet/blur/blur_inf/model.masking.b:20/test/metrics
blur	2	run	10800211	/mnt/parscratch/users/acp23xt/private/DTDM_Unet/blur/blur_inf/model.masking.b:40/test/converted/Epoch_595	/mnt/parscratch/users/acp23xt/private/DTDM_Unet/blur/blur_inf/model.masking.b:40/test/metrics
blur	2	gen_repair	10804139	/mnt/parscratch/users/acp23xt/private/DTDM_Unet/blur/blur_inf/model.masking.b:40/test/converted/Epoch_595	/mnt/parscratch/users/acp23xt/private/DTDM_Unet/blur/blur_inf/model.masking.b:40/test/metrics
blur	2	metrics	11104587	/mnt/parscratch/users/acp23xt/private/DTDM_Unet/blur/blur_inf/model.masking.b:40/test/converted/Epoch_595	/mnt/parscratch/users/acp23xt/private/DTDM_Unet/blur/blur_inf/model.masking.b:40/test/metrics
fmDT	0	run	10800235	/mnt/parscratch/users/acp23xt/private/DTDM_Unet/fmDT/fmDT_inf/model.masking.a:1/test/converted/Epoch_595	/mnt/parscratch/users/acp23xt/private/DTDM_Unet/fmDT/fmDT_inf/model.masking.a:1/test/metrics
fmDT	0	gen_repair	10804142	/mnt/parscratch/users/acp23xt/private/DTDM_Unet/fmDT/fmDT_inf/model.masking.a:1/test/converted/Epoch_595	/mnt/parscratch/users/acp23xt/private/DTDM_Unet/fmDT/fmDT_inf/model.masking.a:1/test/metrics
fmDT	0	metrics	11104593	/mnt/parscratch/users/acp23xt/private/DTDM_Unet/fmDT/fmDT_inf/model.masking.a:1/test/converted/Epoch_595	/mnt/parscratch/users/acp23xt/private/DTDM_Unet/fmDT/fmDT_inf/model.masking.a:1/test/metrics
levy	0	run	10800210	/mnt/parscratch/users/acp23xt/private/DTDM_Unet/levy/levy_inf/model.masking.alpha:1.8/test/converted/Epoch_595	/mnt/parscratch/users/acp23xt/private/DTDM_Unet/levy/levy_inf/model.masking.alpha:1.8/test/metrics
levy	0	gen_repair	10804144	/mnt/parscratch/users/acp23xt/private/DTDM_Unet/levy/levy_inf/model.masking.alpha:1.8/test/converted/Epoch_595	/mnt/parscratch/users/acp23xt/private/DTDM_Unet/levy/levy_inf/model.masking.alpha:1.8/test/metrics
levy	0	metrics	11104594	/mnt/parscratch/users/acp23xt/private/DTDM_Unet/levy/levy_inf/model.masking.alpha:1.8/test/converted/Epoch_595	/mnt/parscratch/users/acp23xt/private/DTDM_Unet/levy/levy_inf/model.masking.alpha:1.8/test/metrics
levy	1	run	10800210	/mnt/parscratch/users/acp23xt/private/DTDM_Unet/levy/levy_inf/model.masking.alpha:1.9/test/converted/Epoch_595	/mnt/parscratch/users/acp23xt/private/DTDM_Unet/levy/levy_inf/model.masking.alpha:1.9/test/metrics
levy	1	gen_repair	10804145	/mnt/parscratch/users/acp23xt/private/DTDM_Unet/levy/levy_inf/model.masking.alpha:1.9/test/converted/Epoch_595	/mnt/parscratch/users/acp23xt/private/DTDM_Unet/levy/levy_inf/model.masking.alpha:1.9/test/metrics
levy	1	metrics	11104595	/mnt/parscratch/users/acp23xt/private/DTDM_Unet/levy/levy_inf/model.masking.alpha:1.9/test/converted/Epoch_595	/mnt/parscratch/users/acp23xt/private/DTDM_Unet/levy/levy_inf/model.masking.alpha:1.9/test/metrics
mask	0	run	10800213	/mnt/parscratch/users/acp23xt/private/DTDM_Unet/mask/mask_inf/model.masking.a:1/test/converted/Epoch_595	/mnt/parscratch/users/acp23xt/private/DTDM_Unet/mask/mask_inf/model.masking.a:1/test/metrics
mask	0	gen_repair	10804146	/mnt/parscratch/users/acp23xt/private/DTDM_Unet/mask/mask_inf/model.masking.a:1/test/converted/Epoch_595	/mnt/parscratch/users/acp23xt/private/DTDM_Unet/mask/mask_inf/model.masking.a:1/test/metrics
mask	0	metrics	11104596	/mnt/parscratch/users/acp23xt/private/DTDM_Unet/mask/mask_inf/model.masking.a:1/test/converted/Epoch_595	/mnt/parscratch/users/acp23xt/private/DTDM_Unet/mask/mask_inf/model.masking.a:1/test/metrics
one-shot	0	run	10800207	/mnt/parscratch/users/acp23xt/private/DTDM_Unet/one-shot/one-shot_inf/model.masking.a:0.2/test/converted/Epoch_595	/mnt/parscratch/users/acp23xt/private/DTDM_Unet/one-shot/one-shot_inf/model.masking.a:0.2/test/metrics
one-shot	0	gen_repair	10804150	/mnt/parscratch/users/acp23xt/private/DTDM_Unet/one-shot/one-shot_inf/model.masking.a:0.2/test/converted/Epoch_595	/mnt/parscratch/users/acp23xt/private/DTDM_Unet/one-shot/one-shot_inf/model.masking.a:0.2/test/metrics
one-shot	0	metrics	11104597	/mnt/parscratch/users/acp23xt/private/DTDM_Unet/one-shot/one-shot_inf/model.masking.a:0.2/test/converted/Epoch_595	/mnt/parscratch/users/acp23xt/private/DTDM_Unet/one-shot/one-shot_inf/model.masking.a:0.2/test/metrics
product	0	run	10800236	/mnt/parscratch/users/acp23xt/private/DTDM_Unet/product/product_inf/model.masking.a:0.2/test/converted/Epoch_595	/mnt/parscratch/users/acp23xt/private/DTDM_Unet/product/product_inf/model.masking.a:0.2/test/metrics
product	0	gen_repair	10804151	/mnt/parscratch/users/acp23xt/private/DTDM_Unet/product/product_inf/model.masking.a:0.2/test/converted/Epoch_595	/mnt/parscratch/users/acp23xt/private/DTDM_Unet/product/product_inf/model.masking.a:0.2/test/metrics
product	0	metrics	11104598	/mnt/parscratch/users/acp23xt/private/DTDM_Unet/product/product_inf/model.masking.a:0.2/test/converted/Epoch_595	/mnt/parscratch/users/acp23xt/private/DTDM_Unet/product/product_inf/model.masking.a:0.2/test/metrics
product	1	run	10800236	/mnt/parscratch/users/acp23xt/private/DTDM_Unet/product/product_inf/model.masking.a:0.4/test/converted/Epoch_595	/mnt/parscratch/users/acp23xt/private/DTDM_Unet/product/product_inf/model.masking.a:0.4/test/metrics
product	1	gen_repair	10804149	/mnt/parscratch/users/acp23xt/private/DTDM_Unet/product/product_inf/model.masking.a:0.4/test/converted/Epoch_595	/mnt/parscratch/users/acp23xt/private/DTDM_Unet/product/product_inf/model.masking.a:0.4/test/metrics
product	1	metrics	11104599	/mnt/parscratch/users/acp23xt/private/DTDM_Unet/product/product_inf/model.masking.a:0.4/test/converted/Epoch_595	/mnt/parscratch/users/acp23xt/private/DTDM_Unet/product/product_inf/model.masking.a:0.4/test/metrics
product	2	run	10800236	/mnt/parscratch/users/acp23xt/private/DTDM_Unet/product/product_inf/model.masking.a:0.6/test/converted/Epoch_595	/mnt/parscratch/users/acp23xt/private/DTDM_Unet/product/product_inf/model.masking.a:0.6/test/metrics
product	2	gen_repair	10804152	/mnt/parscratch/users/acp23xt/private/DTDM_Unet/product/product_inf/model.masking.a:0.6/test/converted/Epoch_595	/mnt/parscratch/users/acp23xt/private/DTDM_Unet/product/product_inf/model.masking.a:0.6/test/metrics
product	2	metrics	11104600	/mnt/parscratch/users/acp23xt/private/DTDM_Unet/product/product_inf/model.masking.a:0.6/test/converted/Epoch_595	/mnt/parscratch/users/acp23xt/private/DTDM_Unet/product/product_inf/model.masking.a:0.6/test/metrics
score	0	run	10804165	/mnt/parscratch/users/acp23xt/private/DTDM_Unet/score/score_inf/model.masking.a:1.0/test/converted/Epoch_595	/mnt/parscratch/users/acp23xt/private/DTDM_Unet/score/score_inf/model.masking.a:1.0/test/metrics
score	0	gen_repair	10804157	/mnt/parscratch/users/acp23xt/private/DTDM_Unet/score/score_inf/model.masking.a:1.0/test/converted/Epoch_595	/mnt/parscratch/users/acp23xt/private/DTDM_Unet/score/score_inf/model.masking.a:1.0/test/metrics
score	0	metrics	11104601	/mnt/parscratch/users/acp23xt/private/DTDM_Unet/score/score_inf/model.masking.a:1.0/test/converted/Epoch_595	/mnt/parscratch/users/acp23xt/private/DTDM_Unet/score/score_inf/model.masking.a:1.0/test/metrics
score	1	run	10804165	/mnt/parscratch/users/acp23xt/private/DTDM_Unet/score/score_inf/model.masking.a:0.8/test/converted/Epoch_595	/mnt/parscratch/users/acp23xt/private/DTDM_Unet/score/score_inf/model.masking.a:0.8/test/metrics
score	1	gen_repair	10804155	/mnt/parscratch/users/acp23xt/private/DTDM_Unet/score/score_inf/model.masking.a:0.8/test/converted/Epoch_595	/mnt/parscratch/users/acp23xt/private/DTDM_Unet/score/score_inf/model.masking.a:0.8/test/metrics
score	1	metrics	11104602	/mnt/parscratch/users/acp23xt/private/DTDM_Unet/score/score_inf/model.masking.a:0.8/test/converted/Epoch_595	/mnt/parscratch/users/acp23xt/private/DTDM_Unet/score/score_inf/model.masking.a:0.8/test/metrics
score	2	run	10804165	/mnt/parscratch/users/acp23xt/private/DTDM_Unet/score/score_inf/model.masking.a:0.6/test/converted/Epoch_595	/mnt/parscratch/users/acp23xt/private/DTDM_Unet/score/score_inf/model.masking.a:0.6/test/metrics
score	2	gen_repair	10804153	/mnt/parscratch/users/acp23xt/private/DTDM_Unet/score/score_inf/model.masking.a:0.6/test/converted/Epoch_595	/mnt/parscratch/users/acp23xt/private/DTDM_Unet/score/score_inf/model.masking.a:0.6/test/metrics
score	2	metrics	11104603	/mnt/parscratch/users/acp23xt/private/DTDM_Unet/score/score_inf/model.masking.a:0.6/test/converted/Epoch_595	/mnt/parscratch/users/acp23xt/private/DTDM_Unet/score/score_inf/model.masking.a:0.6/test/metrics
score	3	run	10804165	/mnt/parscratch/users/acp23xt/private/DTDM_Unet/score/score_inf/model.masking.a:0.4/test/converted/Epoch_595	/mnt/parscratch/users/acp23xt/private/DTDM_Unet/score/score_inf/model.masking.a:0.4/test/metrics
score	3	gen_repair	10804148	/mnt/parscratch/users/acp23xt/private/DTDM_Unet/score/score_inf/model.masking.a:0.4/test/converted/Epoch_595	/mnt/parscratch/users/acp23xt/private/DTDM_Unet/score/score_inf/model.masking.a:0.4/test/metrics
score	3	metrics	11104604	/mnt/parscratch/users/acp23xt/private/DTDM_Unet/score/score_inf/model.masking.a:0.4/test/converted/Epoch_595	/mnt/parscratch/users/acp23xt/private/DTDM_Unet/score/score_inf/model.masking.a:0.4/test/metrics
score	4	run	10804165	/mnt/parscratch/users/acp23xt/private/DTDM_Unet/score/score_inf/model.masking.a:0.2/test/converted/Epoch_595	/mnt/parscratch/users/acp23xt/private/DTDM_Unet/score/score_inf/model.masking.a:0.2/test/metrics
score	4	gen_repair	10804154	/mnt/parscratch/users/acp23xt/private/DTDM_Unet/score/score_inf/model.masking.a:0.2/test/converted/Epoch_595	/mnt/parscratch/users/acp23xt/private/DTDM_Unet/score/score_inf/model.masking.a:0.2/test/metrics
score	4	metrics	11104605	/mnt/parscratch/users/acp23xt/private/DTDM_Unet/score/score_inf/model.masking.a:0.2/test/converted/Epoch_595	/mnt/parscratch/users/acp23xt/private/DTDM_Unet/score/score_inf/model.masking.a:0.2/test/metrics
scoreDT	0	run	10884228	/mnt/parscratch/users/acp23xt/private/DTDM_Unet/scoreDT/scoreDT_inf/model.masking.a:1.0/test/converted/Epoch_595	/mnt/parscratch/users/acp23xt/private/DTDM_Unet/scoreDT/scoreDT_inf/model.masking.a:1.0/test/metrics
scoreDT	0	gen_repair	11099158	/mnt/parscratch/users/acp23xt/private/DTDM_Unet/scoreDT/scoreDT_inf/model.masking.a:1.0/test/converted/Epoch_595	/mnt/parscratch/users/acp23xt/private/DTDM_Unet/scoreDT/scoreDT_inf/model.masking.a:1.0/test/metrics
scoreDT	0	metrics	11104606	/mnt/parscratch/users/acp23xt/private/DTDM_Unet/scoreDT/scoreDT_inf/model.masking.a:1.0/test/converted/Epoch_595	/mnt/parscratch/users/acp23xt/private/DTDM_Unet/scoreDT/scoreDT_inf/model.masking.a:1.0/test/metrics
scoreDT	1	run	10884228	/mnt/parscratch/users/acp23xt/private/DTDM_Unet/scoreDT/scoreDT_inf/model.masking.a:0.8/test/converted/Epoch_595	/mnt/parscratch/users/acp23xt/private/DTDM_Unet/scoreDT/scoreDT_inf/model.masking.a:0.8/test/metrics
scoreDT	1	gen_repair	11099158	/mnt/parscratch/users/acp23xt/private/DTDM_Unet/scoreDT/scoreDT_inf/model.masking.a:0.8/test/converted/Epoch_595	/mnt/parscratch/users/acp23xt/private/DTDM_Unet/scoreDT/scoreDT_inf/model.masking.a:0.8/test/metrics
scoreDT	1	metrics	11104607	/mnt/parscratch/users/acp23xt/private/DTDM_Unet/scoreDT/scoreDT_inf/model.masking.a:0.8/test/converted/Epoch_595	/mnt/parscratch/users/acp23xt/private/DTDM_Unet/scoreDT/scoreDT_inf/model.masking.a:0.8/test/metrics
scoreDT	2	run	10884228	/mnt/parscratch/users/acp23xt/private/DTDM_Unet/scoreDT/scoreDT_inf/model.masking.a:0.6/test/converted/Epoch_595	/mnt/parscratch/users/acp23xt/private/DTDM_Unet/scoreDT/scoreDT_inf/model.masking.a:0.6/test/metrics
scoreDT	2	gen_repair	11099158	/mnt/parscratch/users/acp23xt/private/DTDM_Unet/scoreDT/scoreDT_inf/model.masking.a:0.6/test/converted/Epoch_595	/mnt/parscratch/users/acp23xt/private/DTDM_Unet/scoreDT/scoreDT_inf/model.masking.a:0.6/test/metrics
scoreDT	2	metrics	11104608	/mnt/parscratch/users/acp23xt/private/DTDM_Unet/scoreDT/scoreDT_inf/model.masking.a:0.6/test/converted/Epoch_595	/mnt/parscratch/users/acp23xt/private/DTDM_Unet/scoreDT/scoreDT_inf/model.masking.a:0.6/test/metrics
scoreDT	3	run	10884228	/mnt/parscratch/users/acp23xt/private/DTDM_Unet/scoreDT/scoreDT_inf/model.masking.a:0.4/test/converted/Epoch_595	/mnt/parscratch/users/acp23xt/private/DTDM_Unet/scoreDT/scoreDT_inf/model.masking.a:0.4/test/metrics
scoreDT	3	gen_repair	11099158	/mnt/parscratch/users/acp23xt/private/DTDM_Unet/scoreDT/scoreDT_inf/model.masking.a:0.4/test/converted/Epoch_595	/mnt/parscratch/users/acp23xt/private/DTDM_Unet/scoreDT/scoreDT_inf/model.masking.a:0.4/test/metrics
scoreDT	3	metrics	11104609	/mnt/parscratch/users/acp23xt/private/DTDM_Unet/scoreDT/scoreDT_inf/model.masking.a:0.4/test/converted/Epoch_595	/mnt/parscratch/users/acp23xt/private/DTDM_Unet/scoreDT/scoreDT_inf/model.masking.a:0.4/test/metrics
scoreDT	4	run	10884228	/mnt/parscratch/users/acp23xt/private/DTDM_Unet/scoreDT/scoreDT_inf/model.masking.a:0.2/test/converted/Epoch_595	/mnt/parscratch/users/acp23xt/private/DTDM_Unet/scoreDT/scoreDT_inf/model.masking.a:0.2/test/metrics
scoreDT	4	gen_repair	11099158	/mnt/parscratch/users/acp23xt/private/DTDM_Unet/scoreDT/scoreDT_inf/model.masking.a:0.2/test/converted/Epoch_595	/mnt/parscratch/users/acp23xt/private/DTDM_Unet/scoreDT/scoreDT_inf/model.masking.a:0.2/test/metrics
scoreDT	4	metrics	11104610	/mnt/parscratch/users/acp23xt/private/DTDM_Unet/scoreDT/scoreDT_inf/model.masking.a:0.2/test/converted/Epoch_595	/mnt/parscratch/users/acp23xt/private/DTDM_Unet/scoreDT/scoreDT_inf/model.masking.a:0.2/test/metrics
scorex0	0	run	10803830	/mnt/parscratch/users/acp23xt/private/DTDM_Unet/scorex0/scorex0_inf/model.masking.a:1.0/test/converted/Epoch_595	/mnt/parscratch/users/acp23xt/private/DTDM_Unet/scorex0/scorex0_inf/model.masking.a:1.0/test/metrics
scorex0	0	gen_repair	10804141	/mnt/parscratch/users/acp23xt/private/DTDM_Unet/scorex0/scorex0_inf/model.masking.a:1.0/test/converted/Epoch_595	/mnt/parscratch/users/acp23xt/private/DTDM_Unet/scorex0/scorex0_inf/model.masking.a:1.0/test/metrics
scorex0	0	metrics	11104611	/mnt/parscratch/users/acp23xt/private/DTDM_Unet/scorex0/scorex0_inf/model.masking.a:1.0/test/converted/Epoch_595	/mnt/parscratch/users/acp23xt/private/DTDM_Unet/scorex0/scorex0_inf/model.masking.a:1.0/test/metrics
scorex0	1	run	10803830	/mnt/parscratch/users/acp23xt/private/DTDM_Unet/scorex0/scorex0_inf/model.masking.a:0.8/test/converted/Epoch_595	/mnt/parscratch/users/acp23xt/private/DTDM_Unet/scorex0/scorex0_inf/model.masking.a:0.8/test/metrics
scorex0	1	gen_repair	10804159	/mnt/parscratch/users/acp23xt/private/DTDM_Unet/scorex0/scorex0_inf/model.masking.a:0.8/test/converted/Epoch_595	/mnt/parscratch/users/acp23xt/private/DTDM_Unet/scorex0/scorex0_inf/model.masking.a:0.8/test/metrics
scorex0	1	metrics	11104612	/mnt/parscratch/users/acp23xt/private/DTDM_Unet/scorex0/scorex0_inf/model.masking.a:0.8/test/converted/Epoch_595	/mnt/parscratch/users/acp23xt/private/DTDM_Unet/scorex0/scorex0_inf/model.masking.a:0.8/test/metrics
scorex0	2	run	10803830	/mnt/parscratch/users/acp23xt/private/DTDM_Unet/scorex0/scorex0_inf/model.masking.a:0.6/test/converted/Epoch_595	/mnt/parscratch/users/acp23xt/private/DTDM_Unet/scorex0/scorex0_inf/model.masking.a:0.6/test/metrics
scorex0	2	gen_repair	10804156	/mnt/parscratch/users/acp23xt/private/DTDM_Unet/scorex0/scorex0_inf/model.masking.a:0.6/test/converted/Epoch_595	/mnt/parscratch/users/acp23xt/private/DTDM_Unet/scorex0/scorex0_inf/model.masking.a:0.6/test/metrics
scorex0	2	metrics	11104613	/mnt/parscratch/users/acp23xt/private/DTDM_Unet/scorex0/scorex0_inf/model.masking.a:0.6/test/converted/Epoch_595	/mnt/parscratch/users/acp23xt/private/DTDM_Unet/scorex0/scorex0_inf/model.masking.a:0.6/test/metrics
scorex0	3	run	10803830	/mnt/parscratch/users/acp23xt/private/DTDM_Unet/scorex0/scorex0_inf/model.masking.a:0.4/test/converted/Epoch_595	/mnt/parscratch/users/acp23xt/private/DTDM_Unet/scorex0/scorex0_inf/model.masking.a:0.4/test/metrics
scorex0	3	gen_repair	10804158	/mnt/parscratch/users/acp23xt/private/DTDM_Unet/scorex0/scorex0_inf/model.masking.a:0.4/test/converted/Epoch_595	/mnt/parscratch/users/acp23xt/private/DTDM_Unet/scorex0/scorex0_inf/model.masking.a:0.4/test/metrics
scorex0	3	metrics	11104614	/mnt/parscratch/users/acp23xt/private/DTDM_Unet/scorex0/scorex0_inf/model.masking.a:0.4/test/converted/Epoch_595	/mnt/parscratch/users/acp23xt/private/DTDM_Unet/scorex0/scorex0_inf/model.masking.a:0.4/test/metrics
scorex0	4	run	10803830	/mnt/parscratch/users/acp23xt/private/DTDM_Unet/scorex0/scorex0_inf/model.masking.a:0.2/test/converted/Epoch_595	/mnt/parscratch/users/acp23xt/private/DTDM_Unet/scorex0/scorex0_inf/model.masking.a:0.2/test/metrics
scorex0	4	gen_repair	10804140	/mnt/parscratch/users/acp23xt/private/DTDM_Unet/scorex0/scorex0_inf/model.masking.a:0.2/test/converted/Epoch_595	/mnt/parscratch/users/acp23xt/private/DTDM_Unet/scorex0/scorex0_inf/model.masking.a:0.2/test/metrics
scorex0	4	metrics	11104615	/mnt/parscratch/users/acp23xt/private/DTDM_Unet/scorex0/scorex0_inf/model.masking.a:0.2/test/converted/Epoch_595	/mnt/parscratch/users/acp23xt/private/DTDM_Unet/scorex0/scorex0_inf/model.masking.a:0.2/test/metrics
add	0	wer	11104616_0	/mnt/parscratch/users/acp23xt/private/DTDM_Unet/add/add_inf/model.masking.a:0.2/test/converted/Epoch_595	/mnt/parscratch/users/acp23xt/private/DTDM_Unet/add/add_inf/model.masking.a:0.2/test/metrics
add	0	utmosv2	11104618_0	/mnt/parscratch/users/acp23xt/private/DTDM_Unet/add/add_inf/model.masking.a:0.2/test/converted/Epoch_595	/mnt/parscratch/users/acp23xt/private/DTDM_Unet/add/add_inf/model.masking.a:0.2/test/metrics
add	1	wer	11104616_1	/mnt/parscratch/users/acp23xt/private/DTDM_Unet/add/add_inf/model.masking.a:0.4/test/converted/Epoch_595	/mnt/parscratch/users/acp23xt/private/DTDM_Unet/add/add_inf/model.masking.a:0.4/test/metrics
add	1	utmosv2	11104618_1	/mnt/parscratch/users/acp23xt/private/DTDM_Unet/add/add_inf/model.masking.a:0.4/test/converted/Epoch_595	/mnt/parscratch/users/acp23xt/private/DTDM_Unet/add/add_inf/model.masking.a:0.4/test/metrics
add	2	wer	11104616_2	/mnt/parscratch/users/acp23xt/private/DTDM_Unet/add/add_inf/model.masking.a:0.6/test/converted/Epoch_595	/mnt/parscratch/users/acp23xt/private/DTDM_Unet/add/add_inf/model.masking.a:0.6/test/metrics
add	2	utmosv2	11104618_2	/mnt/parscratch/users/acp23xt/private/DTDM_Unet/add/add_inf/model.masking.a:0.6/test/converted/Epoch_595	/mnt/parscratch/users/acp23xt/private/DTDM_Unet/add/add_inf/model.masking.a:0.6/test/metrics
blur	0	wer	11104616_3	/mnt/parscratch/users/acp23xt/private/DTDM_Unet/blur/blur_inf/model.masking.b:10/test/converted/Epoch_595	/mnt/parscratch/users/acp23xt/private/DTDM_Unet/blur/blur_inf/model.masking.b:10/test/metrics
blur	0	utmosv2	11104618_3	/mnt/parscratch/users/acp23xt/private/DTDM_Unet/blur/blur_inf/model.masking.b:10/test/converted/Epoch_595	/mnt/parscratch/users/acp23xt/private/DTDM_Unet/blur/blur_inf/model.masking.b:10/test/metrics
blur	1	wer	11104616_4	/mnt/parscratch/users/acp23xt/private/DTDM_Unet/blur/blur_inf/model.masking.b:20/test/converted/Epoch_595	/mnt/parscratch/users/acp23xt/private/DTDM_Unet/blur/blur_inf/model.masking.b:20/test/metrics
blur	1	utmosv2	11104618_4	/mnt/parscratch/users/acp23xt/private/DTDM_Unet/blur/blur_inf/model.masking.b:20/test/converted/Epoch_595	/mnt/parscratch/users/acp23xt/private/DTDM_Unet/blur/blur_inf/model.masking.b:20/test/metrics
blur	2	wer	11104616_5	/mnt/parscratch/users/acp23xt/private/DTDM_Unet/blur/blur_inf/model.masking.b:40/test/converted/Epoch_595	/mnt/parscratch/users/acp23xt/private/DTDM_Unet/blur/blur_inf/model.masking.b:40/test/metrics
blur	2	utmosv2	11104618_5	/mnt/parscratch/users/acp23xt/private/DTDM_Unet/blur/blur_inf/model.masking.b:40/test/converted/Epoch_595	/mnt/parscratch/users/acp23xt/private/DTDM_Unet/blur/blur_inf/model.masking.b:40/test/metrics
fmDT	0	wer	11104616_11	/mnt/parscratch/users/acp23xt/private/DTDM_Unet/fmDT/fmDT_inf/model.masking.a:1/test/converted/Epoch_595	/mnt/parscratch/users/acp23xt/private/DTDM_Unet/fmDT/fmDT_inf/model.masking.a:1/test/metrics
fmDT	0	utmosv2	11104618_11	/mnt/parscratch/users/acp23xt/private/DTDM_Unet/fmDT/fmDT_inf/model.masking.a:1/test/converted/Epoch_595	/mnt/parscratch/users/acp23xt/private/DTDM_Unet/fmDT/fmDT_inf/model.masking.a:1/test/metrics
levy	0	wer	11104616_12	/mnt/parscratch/users/acp23xt/private/DTDM_Unet/levy/levy_inf/model.masking.alpha:1.8/test/converted/Epoch_595	/mnt/parscratch/users/acp23xt/private/DTDM_Unet/levy/levy_inf/model.masking.alpha:1.8/test/metrics
levy	0	utmosv2	11104618_12	/mnt/parscratch/users/acp23xt/private/DTDM_Unet/levy/levy_inf/model.masking.alpha:1.8/test/converted/Epoch_595	/mnt/parscratch/users/acp23xt/private/DTDM_Unet/levy/levy_inf/model.masking.alpha:1.8/test/metrics
levy	1	wer	11104616_13	/mnt/parscratch/users/acp23xt/private/DTDM_Unet/levy/levy_inf/model.masking.alpha:1.9/test/converted/Epoch_595	/mnt/parscratch/users/acp23xt/private/DTDM_Unet/levy/levy_inf/model.masking.alpha:1.9/test/metrics
levy	1	utmosv2	11104618_13	/mnt/parscratch/users/acp23xt/private/DTDM_Unet/levy/levy_inf/model.masking.alpha:1.9/test/converted/Epoch_595	/mnt/parscratch/users/acp23xt/private/DTDM_Unet/levy/levy_inf/model.masking.alpha:1.9/test/metrics
mask	0	wer	11104616_14	/mnt/parscratch/users/acp23xt/private/DTDM_Unet/mask/mask_inf/model.masking.a:1/test/converted/Epoch_595	/mnt/parscratch/users/acp23xt/private/DTDM_Unet/mask/mask_inf/model.masking.a:1/test/metrics
mask	0	utmosv2	11104618_14	/mnt/parscratch/users/acp23xt/private/DTDM_Unet/mask/mask_inf/model.masking.a:1/test/converted/Epoch_595	/mnt/parscratch/users/acp23xt/private/DTDM_Unet/mask/mask_inf/model.masking.a:1/test/metrics
one-shot	0	wer	11104616_15	/mnt/parscratch/users/acp23xt/private/DTDM_Unet/one-shot/one-shot_inf/model.masking.a:0.2/test/converted/Epoch_595	/mnt/parscratch/users/acp23xt/private/DTDM_Unet/one-shot/one-shot_inf/model.masking.a:0.2/test/metrics
one-shot	0	utmosv2	11104618_15	/mnt/parscratch/users/acp23xt/private/DTDM_Unet/one-shot/one-shot_inf/model.masking.a:0.2/test/converted/Epoch_595	/mnt/parscratch/users/acp23xt/private/DTDM_Unet/one-shot/one-shot_inf/model.masking.a:0.2/test/metrics
product	0	wer	11104616_16	/mnt/parscratch/users/acp23xt/private/DTDM_Unet/product/product_inf/model.masking.a:0.2/test/converted/Epoch_595	/mnt/parscratch/users/acp23xt/private/DTDM_Unet/product/product_inf/model.masking.a:0.2/test/metrics
product	0	utmosv2	11104618_16	/mnt/parscratch/users/acp23xt/private/DTDM_Unet/product/product_inf/model.masking.a:0.2/test/converted/Epoch_595	/mnt/parscratch/users/acp23xt/private/DTDM_Unet/product/product_inf/model.masking.a:0.2/test/metrics
product	1	wer	11104616_17	/mnt/parscratch/users/acp23xt/private/DTDM_Unet/product/product_inf/model.masking.a:0.4/test/converted/Epoch_595	/mnt/parscratch/users/acp23xt/private/DTDM_Unet/product/product_inf/model.masking.a:0.4/test/metrics
product	1	utmosv2	11104618_17	/mnt/parscratch/users/acp23xt/private/DTDM_Unet/product/product_inf/model.masking.a:0.4/test/converted/Epoch_595	/mnt/parscratch/users/acp23xt/private/DTDM_Unet/product/product_inf/model.masking.a:0.4/test/metrics
product	2	wer	11104616_18	/mnt/parscratch/users/acp23xt/private/DTDM_Unet/product/product_inf/model.masking.a:0.6/test/converted/Epoch_595	/mnt/parscratch/users/acp23xt/private/DTDM_Unet/product/product_inf/model.masking.a:0.6/test/metrics
product	2	utmosv2	11104618_18	/mnt/parscratch/users/acp23xt/private/DTDM_Unet/product/product_inf/model.masking.a:0.6/test/converted/Epoch_595	/mnt/parscratch/users/acp23xt/private/DTDM_Unet/product/product_inf/model.masking.a:0.6/test/metrics
score	0	wer	11104616_19	/mnt/parscratch/users/acp23xt/private/DTDM_Unet/score/score_inf/model.masking.a:1.0/test/converted/Epoch_595	/mnt/parscratch/users/acp23xt/private/DTDM_Unet/score/score_inf/model.masking.a:1.0/test/metrics
score	0	utmosv2	11104618_19	/mnt/parscratch/users/acp23xt/private/DTDM_Unet/score/score_inf/model.masking.a:1.0/test/converted/Epoch_595	/mnt/parscratch/users/acp23xt/private/DTDM_Unet/score/score_inf/model.masking.a:1.0/test/metrics
score	1	wer	11104616_20	/mnt/parscratch/users/acp23xt/private/DTDM_Unet/score/score_inf/model.masking.a:0.8/test/converted/Epoch_595	/mnt/parscratch/users/acp23xt/private/DTDM_Unet/score/score_inf/model.masking.a:0.8/test/metrics
score	1	utmosv2	11104618_20	/mnt/parscratch/users/acp23xt/private/DTDM_Unet/score/score_inf/model.masking.a:0.8/test/converted/Epoch_595	/mnt/parscratch/users/acp23xt/private/DTDM_Unet/score/score_inf/model.masking.a:0.8/test/metrics
score	2	wer	11104616_21	/mnt/parscratch/users/acp23xt/private/DTDM_Unet/score/score_inf/model.masking.a:0.6/test/converted/Epoch_595	/mnt/parscratch/users/acp23xt/private/DTDM_Unet/score/score_inf/model.masking.a:0.6/test/metrics
score	2	utmosv2	11104618_21	/mnt/parscratch/users/acp23xt/private/DTDM_Unet/score/score_inf/model.masking.a:0.6/test/converted/Epoch_595	/mnt/parscratch/users/acp23xt/private/DTDM_Unet/score/score_inf/model.masking.a:0.6/test/metrics
score	3	wer	11104616_22	/mnt/parscratch/users/acp23xt/private/DTDM_Unet/score/score_inf/model.masking.a:0.4/test/converted/Epoch_595	/mnt/parscratch/users/acp23xt/private/DTDM_Unet/score/score_inf/model.masking.a:0.4/test/metrics
score	3	utmosv2	11104618_22	/mnt/parscratch/users/acp23xt/private/DTDM_Unet/score/score_inf/model.masking.a:0.4/test/converted/Epoch_595	/mnt/parscratch/users/acp23xt/private/DTDM_Unet/score/score_inf/model.masking.a:0.4/test/metrics
score	4	wer	11104616_23	/mnt/parscratch/users/acp23xt/private/DTDM_Unet/score/score_inf/model.masking.a:0.2/test/converted/Epoch_595	/mnt/parscratch/users/acp23xt/private/DTDM_Unet/score/score_inf/model.masking.a:0.2/test/metrics
score	4	utmosv2	11104618_23	/mnt/parscratch/users/acp23xt/private/DTDM_Unet/score/score_inf/model.masking.a:0.2/test/converted/Epoch_595	/mnt/parscratch/users/acp23xt/private/DTDM_Unet/score/score_inf/model.masking.a:0.2/test/metrics
scoreDT	0	wer	11104616_24	/mnt/parscratch/users/acp23xt/private/DTDM_Unet/scoreDT/scoreDT_inf/model.masking.a:1.0/test/converted/Epoch_595	/mnt/parscratch/users/acp23xt/private/DTDM_Unet/scoreDT/scoreDT_inf/model.masking.a:1.0/test/metrics
scoreDT	0	utmosv2	11104618_24	/mnt/parscratch/users/acp23xt/private/DTDM_Unet/scoreDT/scoreDT_inf/model.masking.a:1.0/test/converted/Epoch_595	/mnt/parscratch/users/acp23xt/private/DTDM_Unet/scoreDT/scoreDT_inf/model.masking.a:1.0/test/metrics
scoreDT	1	wer	11104616_25	/mnt/parscratch/users/acp23xt/private/DTDM_Unet/scoreDT/scoreDT_inf/model.masking.a:0.8/test/converted/Epoch_595	/mnt/parscratch/users/acp23xt/private/DTDM_Unet/scoreDT/scoreDT_inf/model.masking.a:0.8/test/metrics
scoreDT	1	utmosv2	11104618_25	/mnt/parscratch/users/acp23xt/private/DTDM_Unet/scoreDT/scoreDT_inf/model.masking.a:0.8/test/converted/Epoch_595	/mnt/parscratch/users/acp23xt/private/DTDM_Unet/scoreDT/scoreDT_inf/model.masking.a:0.8/test/metrics
scoreDT	2	wer	11104616_26	/mnt/parscratch/users/acp23xt/private/DTDM_Unet/scoreDT/scoreDT_inf/model.masking.a:0.6/test/converted/Epoch_595	/mnt/parscratch/users/acp23xt/private/DTDM_Unet/scoreDT/scoreDT_inf/model.masking.a:0.6/test/metrics
scoreDT	2	utmosv2	11104618_26	/mnt/parscratch/users/acp23xt/private/DTDM_Unet/scoreDT/scoreDT_inf/model.masking.a:0.6/test/converted/Epoch_595	/mnt/parscratch/users/acp23xt/private/DTDM_Unet/scoreDT/scoreDT_inf/model.masking.a:0.6/test/metrics
scoreDT	3	wer	11104616_27	/mnt/parscratch/users/acp23xt/private/DTDM_Unet/scoreDT/scoreDT_inf/model.masking.a:0.4/test/converted/Epoch_595	/mnt/parscratch/users/acp23xt/private/DTDM_Unet/scoreDT/scoreDT_inf/model.masking.a:0.4/test/metrics
scoreDT	3	utmosv2	11104618_27	/mnt/parscratch/users/acp23xt/private/DTDM_Unet/scoreDT/scoreDT_inf/model.masking.a:0.4/test/converted/Epoch_595	/mnt/parscratch/users/acp23xt/private/DTDM_Unet/scoreDT/scoreDT_inf/model.masking.a:0.4/test/metrics
scoreDT	4	wer	11104616_28	/mnt/parscratch/users/acp23xt/private/DTDM_Unet/scoreDT/scoreDT_inf/model.masking.a:0.2/test/converted/Epoch_595	/mnt/parscratch/users/acp23xt/private/DTDM_Unet/scoreDT/scoreDT_inf/model.masking.a:0.2/test/metrics
scoreDT	4	utmosv2	11104618_28	/mnt/parscratch/users/acp23xt/private/DTDM_Unet/scoreDT/scoreDT_inf/model.masking.a:0.2/test/converted/Epoch_595	/mnt/parscratch/users/acp23xt/private/DTDM_Unet/scoreDT/scoreDT_inf/model.masking.a:0.2/test/metrics
scorex0	0	wer	11104616_29	/mnt/parscratch/users/acp23xt/private/DTDM_Unet/scorex0/scorex0_inf/model.masking.a:1.0/test/converted/Epoch_595	/mnt/parscratch/users/acp23xt/private/DTDM_Unet/scorex0/scorex0_inf/model.masking.a:1.0/test/metrics
scorex0	0	utmosv2	11104618_29	/mnt/parscratch/users/acp23xt/private/DTDM_Unet/scorex0/scorex0_inf/model.masking.a:1.0/test/converted/Epoch_595	/mnt/parscratch/users/acp23xt/private/DTDM_Unet/scorex0/scorex0_inf/model.masking.a:1.0/test/metrics
scorex0	1	wer	11104616_30	/mnt/parscratch/users/acp23xt/private/DTDM_Unet/scorex0/scorex0_inf/model.masking.a:0.8/test/converted/Epoch_595	/mnt/parscratch/users/acp23xt/private/DTDM_Unet/scorex0/scorex0_inf/model.masking.a:0.8/test/metrics
scorex0	1	utmosv2	11104618_30	/mnt/parscratch/users/acp23xt/private/DTDM_Unet/scorex0/scorex0_inf/model.masking.a:0.8/test/converted/Epoch_595	/mnt/parscratch/users/acp23xt/private/DTDM_Unet/scorex0/scorex0_inf/model.masking.a:0.8/test/metrics
scorex0	2	wer	11104616_31	/mnt/parscratch/users/acp23xt/private/DTDM_Unet/scorex0/scorex0_inf/model.masking.a:0.6/test/converted/Epoch_595	/mnt/parscratch/users/acp23xt/private/DTDM_Unet/scorex0/scorex0_inf/model.masking.a:0.6/test/metrics
scorex0	2	utmosv2	11104618_31	/mnt/parscratch/users/acp23xt/private/DTDM_Unet/scorex0/scorex0_inf/model.masking.a:0.6/test/converted/Epoch_595	/mnt/parscratch/users/acp23xt/private/DTDM_Unet/scorex0/scorex0_inf/model.masking.a:0.6/test/metrics
scorex0	3	wer	11104616_32	/mnt/parscratch/users/acp23xt/private/DTDM_Unet/scorex0/scorex0_inf/model.masking.a:0.4/test/converted/Epoch_595	/mnt/parscratch/users/acp23xt/private/DTDM_Unet/scorex0/scorex0_inf/model.masking.a:0.4/test/metrics
scorex0	3	utmosv2	11104618_32	/mnt/parscratch/users/acp23xt/private/DTDM_Unet/scorex0/scorex0_inf/model.masking.a:0.4/test/converted/Epoch_595	/mnt/parscratch/users/acp23xt/private/DTDM_Unet/scorex0/scorex0_inf/model.masking.a:0.4/test/metrics
scorex0	4	wer	11104616_33	/mnt/parscratch/users/acp23xt/private/DTDM_Unet/scorex0/scorex0_inf/model.masking.a:0.2/test/converted/Epoch_595	/mnt/parscratch/users/acp23xt/private/DTDM_Unet/scorex0/scorex0_inf/model.masking.a:0.2/test/metrics
scorex0	4	utmosv2	11104618_33	/mnt/parscratch/users/acp23xt/private/DTDM_Unet/scorex0/scorex0_inf/model.masking.a:0.2/test/converted/Epoch_595	/mnt/parscratch/users/acp23xt/private/DTDM_Unet/scorex0/scorex0_inf/model.masking.a:0.2/test/metrics
